company,date,work_type,job,question,answer
삼성전자(주),2022년 하반기,신입,제품디자이너,삼성전자를 지원한 이유와 입사 후 회사에서 이루고 싶은 꿈을 기술하십시오.,"
""소비자와 함께 꿈꾸는 기업""삼성전자의 디자인 철학이 제가 추구하는 가치관과 같은 방향을 바라보고 있다는 확신에 지원을 결심했습니다. 제가 생각하는디자인의 가치는, 많은 사람이 공감하고 필요로 해야만 생기는 것입니다. 삼성전자는 소비자를 최우선으로 생각하고, 디자인 철학을 제품에 반영하며 제품 가치를 한 층 높이고 있습니다.무엇보다, 삼성전자는 디자인의 중요성을 일찍이 깨닫고 디자인 경영을 추구해온 기업입니다. 1993년부터 디자인 멤버십 프로그램을 시행하고 있고, 디자이너 발굴에 지속적으로 힘쓰고 있습니다. 이렇게 디자인을 중시하는 문화로 디자이너들의 창의적인 아이디어를 제시하는 조직이라면, 트렌드를 이끄는 제품 개발에 기여할 수 있다고 생각합니다. 저는 입사 후, 1인 가구 소비자들을 사로잡을 제품군을 개발하여 편안한 삶을 영위하는데 기여하는 디자이너가 되고 싶습니다. 이 목표를 달성하기 위해 제품 스터디를 통해 1인 가구가 겪는 불편함과 필요로 하는 제품이 무엇인지 공감하려 노력했고, 그 결과, IF design concept award를 비롯해 다양한 디자인 공모전에서 수상하는 성과를 달성했습니다.이러한 경험을 통해 키운 분석 능력과 공감 능력을 발휘하여 삼성전자의 디자인 가치관이 깃든 1인 가구 타겟 제품 디자인을 선보이겠습니다.                         
"
삼성전자(주),2022년 하반기,신입,제품디자이너,"본인의 성장과정을 간략히 기술하되 현재의 자신에게 가장 큰 영향을 끼친 사건, 인물 등을 포함하여 기술하시기 바랍니다. (※작품속 가상인물도 가능)","
""공감: 사람을 움직이게 하는 최고의 방법""저의 가치관은 '공감하는 디자인을 하는 것'입니다. 이러한 가치관은, 공모전 경험과 융화되어 소비자를 생각하고 설득하는 디자인 역량을 확립하는 데 도움이 되었습니다. 제품 디자인을 처음 시작하였을 때는, 단순히 조형적으로 아름답게 디자인하면 된다고 생각했습니다.그러나 제품 디자인 소모임 활동과 교수님의 지도 덕분에, 저의 디자인 가치관이 바뀌게 되었습니다. 조형성도 중요하지만, 사용자들이 필요로 하는지를 고려하는 것이 우선이라는 교수님의 조언을 듣고 팀원들과 수상작 피드백을 진행하였습니다. 그 결과, 좋은 디자인은 논리와 분석을 통한 설득력 있는 디자인, 그리고 소비자들이 공감할 수 있는 디자인이라는 것을 깨달았습니다. 이러한 경험을 통해 소비자 조사보다는 ‘조형적 레퍼런스를 우선시했던’ 저의 디자인 가치관을 완전히 바꿀 수 있었습니다. 이후 문제를 도출하고, 해결 방안을 제시할 때, 소비자들의 의견을 파악하기 위해 주변에서 50개 이상의 피드백을 모으려고 노력했습니다. 그 결과, 타인의 삶을 이해하고 공감하는 강점을 가지게 되었고 이 강점이 잘 드러난 프로젝트가 바로 'ALONE'과 'COMODO'입니다. 사용자들이 겪는 문제를 파악 하기 위해 제품 사용 리뷰 별점을 역순으로 보며 개선해야 할 부분에 대해 도출하였습니다. 많은 사람이 공감할 수 있는 공통된 문제점을 찾아 해결하였고, 다수의 공모전에서 수상하는 좋은 결과를 얻을수 있었습니다.디자이너에게 중요한 역량은 공감 능력과 분석적 사고입니다. 혼자만 느끼는 문제를 개선한 디자인은 소비자들을 설득할 수 없는 만큼, 제가 가진 공감 능력과 분석 능력은 삼성전자의 새로운 제품군 개발에 기여할 것이라 자신합니다. ""가전제품에 관심을 가지다""첫 국제 디자인 공모전에 도전하기 위해 당시 주제였던 가전용품에 대해 조사를 진행했었습니다. 사용자들이 느끼는 불편한 점을 찾기 위해, 일일이 사람들을 만나 그들이 평상시에 집에서 어떤 루틴으로 생활하는지 자유롭게 인터뷰하면서 다양한 삶들이 있다는 것을 깨달았습니다.20대부터 50대까지, 약 3~40명의 다양한 사람들이 사는 이야기를 들었고, 또 그들의 삶을 직접 개선해 줄 수 있다는 것이 매우 흥미롭게 느껴졌습니다. 그 이후에 가전제품에 관심을 가지게 되어 가전제품 디자인 프로젝트를 주로 진행하며 삶의 질을 개선할 수 있는 부분들을 찾아왔습니다.  이러한 노력의 결과, 심사위원에게 스토리텔링 역량이 우수하다는 평가를 받을 수 있었습니다. 직무를 수행함에 있어서도, 더 많은 사람과 소통하고 공감하여 더 나은 삶을 만드는 디자이너로 거듭나겠습니다.                         
"
삼성전자(주),2022년 하반기,신입,제품디자이너,최근 사회이슈 중 중요하다고 생각되는 한가지를 선택하고 이에 관한 자신의 견해를 기술해 주시기 바랍니다.,"
""소박함에 편리함을 더하다""코로나 바이러스로 인해 지친 사람들이 힐링을 위해, 자연의 소박함을 찾아 나서는 경향이 나타나고 있습니다. 많은 사람들이 이러한 ‘러스틱 라이프’를 추구하려고 하지만, 도시를 떠날 수 없는 현대인에겐 어려움이 많기에 집 안에서도 이러한 라이프 양식을 영위할 수 있는 것들에 대한 수요가 늘고 있습니다. ‘옥 캉스’(옥상 바캉스), ‘베란다 캠핑’ 등이 그 예인데, 특히 취미 생활과 건강 모두를 챙길 수 있는 실내 텃밭 가꾸기가 최근 들어 인기를 끌고 있습니다. 실내에서도 쉽게 텃밭을 가꿀 수 있는 스마트 식물 재배기 시장이 크게 확대되어 2023년에는 5000억 원대의 규모로 성장할 것으로 예측되고 있습니다.또 다른 예시로, 2030 위주의 SNS에서는 해시태그 #필름카메라 #필름사진이 무려 200만을 넘었을 정도로 필름 카메라의 아날로그 감성이 젊은 층들에게 인기를 끌고 있습니다. 바쁘고 여유가 없는 일상 속에서 잠시나마 지친 마음을 달래주는 힐링이 가능하기 때문입니다.  앞으로 많은 소비자가 아날로그의 감성을 가진 동시에 더욱 편리하게 사용할 수 있는 제품들을 원할 것이라고 생각합니다. 그렇기에 시장과 소비자들의 니즈에 맞추어 제품 또한 빠르게 변화해야 합니다. 아날로그 감성에 삼성이 가진 기술력으로 소비자 경험을 분석하여, 자신만의 라이프 스타일에 맞춰주는 ‘맞춤형 스마트 제품’으로 개발한다면 삼성만이 주는 제품 가치를 선사하여 경쟁력을 더욱 높일 수 있을 것입니다. 또한 다양한 연령대의 구매 고객층을 확대하는 데도 기여할 수 있을 것으로 전망합니다.스마트 식물 재배기인 'Oasis' 프로젝트의 경험을 살려 아날로그 방식과도 잘 어우러질 수 있는 제품에 대해 고민해 보고, 강점인 공감과 분석 능력을 이용해 소비자들이 원하는 제품을 디자인할 수 있도록 기여하겠습니다.                         
"
삼성전자(주),2022년 하반기,신입,제품디자이너,"본인이 수행했던 디자인 프로젝트/과제 중 사용자 경험 관점에서 기존 대비 개선한 경험에 대해 기술해주시기 바랍니다. (해당 과제에서 사용한 방법, 본인의 기여도, 결과 포함)","
""공감으로 개선을 이끌다""개인 프로젝트로 진행했던 'COMODO' 디자인을 통해 사용자들의 불편함을 개선한 경험이 있습니다.의류 청정기가 일상으로 자리 잡은 요즘, 매일 신는 신발 역시 깨끗하게 관리하고자 하는 소비자들의 수요가 늘고 있습니다. 슈드레서를 통해 탈취는 물론 건조와 살균까지 할 수 있어 소비자들의 일상을 한층 더 쾌적하게 바꾸어 줍니다. 기존의 '삼성 비스포크 슈드레서'는 여러 켤레를 동시에 관리할 수 있는 장점이 있습니다. 이는 가족 단위의 소비자들에게는 좋은 선택이 될 수 있지만, 동시에 많은 신발을 관리할 필요가 없는 1인 가구에게는 적합하지 않다고 생각했습니다. 이를 개선하여 1인 가구도 효율적으로 신발을 관리할 수 있는 제품을 디자인하고자 했습니다. 우선, 타깃층에 맞게 좁은 공간에서도 효율적으로 사용할 수 있는 제품이어야 하고, 단순히 신발을 관리하는 것뿐만이 아니라 하나의 인테리어가 될 수 있는 제품을 만들고자 하였습니다. 사용자들이 신발장에서 어떠한 행동들을 하는지 사용자 테스트를 해보며 분석하였고, 바닥에 앉아 신발을 신는 경우가 많다는 것을 알았습니다. 하지만 이러한 행동은 불편할 뿐만 아니라 무릎에 무리를 주곤 합니다. 이 점을 개선하기 위해 스툴에 앉아 신발을 신는 서양 문화권의 방식을 가져왔습니다. 스툴과 신발 관리기를 결합하여 신발을 신을 때와 벗은 후의 관리까지 책임지는 'COMODO'를 디자인했습니다. 디자인하는 데 있어 중요하게 생각한 부분은 '사용자의 삶과 공간에 잘 어우러질 수 있는지'였습니다. 그러기 위해 최신 인테리어 트렌드를 분석하였고, 톡톡 튀는 색과 금속 소재를 이용한 '미드 센추리 모던’이라는 인테리어 트렌드를 제품에 적용하였습니다.사용자에 대한 분석과 공감을 토대로 디자인한 결과, ‘핀업 컨셉디자인어워드’에서 Bronze를, ‘샤플 디자인 콘테스트’에서 Best of Best를 수상했습니다. 현재 'COMODO' 프로젝트는 많은 분의 호응을 받아 디자인 특허 등록 과정 중에 있습니다.                         
"
㈜인바디,2022년 하반기,신입,제품디자이너,"[직무 관련 경험] 교과목, 동아리, 프로젝트 등을 통해 실제로 구현과정에 참여했던 직무 관련 경험을 서술하고, 그 과정에서 드러난 본인의 강점분야 또는 관심분야를 작성하시오.","
'Oasis' 프로젝트를 진행하며 제품 디자인의 상세한 과정에 대해 더욱 배우게 되었습니다. 졸업 전시 프로젝트로 진행한 가정용 스마트 팜인 'Oasis'는 코로나 블루를 겪는 사람들을 위해 집 안에서 할 수 있는 건강한 취미 생활을 제안한 것입니다. 당시의 트렌드 리서치 자료 및 논문을 보며 인사이트 도출을 하였고, 현대인이 집 안에서 할 수 있는 현실적인 제안을 하여 충분히 구현 가능한 디자인을 하였습니다. 그래서 졸업 발표에서 단순히 예쁘기만 한 디자인이 아니라 설득력 있는 디자인, 타당한 디자인 역량을 가졌다는 평가를 받을 수 있었습니다. 특히, 매번 컨셉 디자인에 그치는 데에 반해 이번 프로젝트는 목업 제작을 하며 제품의 디테일을 높였습니다. 모델링 상에서는 괜찮아 보였던 부분이었지만 실제로는 이격이 부족해 조립되지 않는다거나, 버튼의 크기가 너무 작다거나 하는 등의 문제를 파악할 수 있었습니다. 이런 과정에서 양산을 책임져야 하는 제품 디자이너에게 프로토타입 제작이 얼마나 중요한 단계인지 깨달을 수 있었습니다. 제품의 컨셉부터 조형, CMF, 목업까지 스스로의 생각만이 아니라 근거를 찾아가며 진행한 결과, 'shapl design contest'에서 winner를 수상해 디자인 특허 출원을 할 수 있었습니다. 헬스케어 스타트업에서 인턴을 하며 제품이 제작되는 과정을 간접적으로 경험하였습니다. 3d 프린터를 이용한 맞춤형 의료기기 제작 기업이었는데, 맞춤형 제품인 만큼 고객의 요구 사항이나 사용 피드백을 중요시하게 생각해야 했고, 사용자 인터뷰 및 설문조사 등을 통해 고객의 의견을 듣기 위해 노력했습니다. 그런 과정을 거치다 보니 초기 제품의 만족도보다 후기 제품의 만족도가 훨씬 높아졌고, 고객이 점차 늘어나게 되었습니다. 그렇게 사용자의 의견을 반영한 디자인은 3D 모델러의 모델링을 통해 실제 제품으로 제작되었습니다.헬스케어 분야의 인턴을 경험해 보니 사람들의 건강을 책임지는 것이 굉장히 보람된 일이라는 것을 느꼈습니다. 또한, 어떠한 제품이든 디자인을 할 때 사용자 의견을 정리하고 분석하는 시간이 중요하다는 것을 깨달았습니다. 앞으로 사용자의 관점에서 불편을 공감하고 개선할 방법에 대해 고민하는 제품 디자이너가 되겠습니다. OO OOO 서포터즈 OO기로 활동하며 크라우드 펀딩에 참여한 경험이 있습니다. 광복절을 기념하여 광복의 의미를 되새기고 수익금은 유공자 후손들에게 기부하는 굿즈를 제작했습니다. 실제 제품으로 제작하여 판매까지 하는 경험은 처음이라 제작 과정에 대해 알 수 있는 계기가 되었습니다. 특히, 굿즈를 제작하면서 팀원들과의 소통도 중요했지만, 제작을 담당하는 업체와의 소통도 매우 중요하다는 것을 깨달았습니다. 의사소통이 잘 이루어지지 않으면 의도했던 디자인대로 표현되지 않고 이것이 그대로 고객에게 불만족을 안길 수 있기 때문입니다. 의견을 최대한 문서화하여 정리하고, 여러 번 확인하는 과정을 통해 오류가 생기지 않도록 했고 덕분에 원활하게 소통할 수 있었습니다. 그 결과 500만 원 펀딩 목표 달성이라는 성과를 이룰 수 있었습니다.실제로 제품 디자인 업무를 수행하다 보면 디자이너끼리의 소통뿐만이 아니라 개발, 마케팅 등 유관부서와의 긴밀한 소통이 필수이기 때문에 의사소통 역량이 매우 중요합니다. 굿즈 제작 경험으로 의사소통 역량을 키울 수 있었고 앞으로 업무를 수행할 때 큰 도움이 될 것입니다.                         
"
㈜인바디,2022년 하반기,신입,제품디자이너," [전공지식 / 학습이력 등] 중점적으로 수강한 전공과목의 세부 분야(예를 들어, 전자공학 내 통신분야)와 이수한 주요 과목명과, 능숙하게 활용할 수 있는 skill을 작성하시오.","
디자인학부로서 제품뿐만 아니라 시각 디자인과 영상 디자인 수업을 들으면서 다양한 분야에 대해 학습할 수 있었습니다. 그중에서도 다음과 같은 전공과목을 통해 제품 디자인 역량을 기를 수 있었습니다. -지속가능 디자인(4.5/4.5)팬데믹 사태 이후의 지속가능성에 대한 의미를 이해하고 미래를 위한 지속 가능한 디자인에 대해 학습하였습니다. 다양한 분야의 지속 가능 디자인에 대해 찾아보던 중 코로나로 대두된 의료 분야를 선정하여 프로젝트를 진행하였습니다. 간호사의 인력 부족에 따른 의료 효율성을 개선한 자율주행 카트- 'Medi cart' 디자인을 제안하여 세계 3대 디자인 어워드 중 하나인 'iF design award'에서 winner를 수상하였습니다. 또한, 늘 제품 디자이너끼리의 팀 프로젝트를 진행했었는데, 제품이 아닌 시각 디자이너와의 팀 프로젝트를 진행하면서 각자의 장점을 발휘하고 시너지 효과를 낼 수 있도록 노력하였습니다. -인터렉티브 제품디자인(4.5/4.5)1인 가구가 점점 증가함에 따라 이들을 타깃으로 한 생활용품 디자인을 진행하였습니다. 1인 가구를 위한 신발 관리기인 'Comodo' 슈드레서를 제안하였는데, 사용자 테스트를 통해 문제점 분석 후 이를 해결하는 디자인에 대해 학습할 수 있었습니다. 또한, 놓이는 공간에 잘 어우러지기 위해 인테리어 트렌드 조사 후 '미드 센추리 모던'을 제품에 적용하여 트렌디한 디자인 역량을 기를 수 있었습니다. 이 과정에서 제품 CMF의 중요성에 대해 깨달았습니다. 이 프로젝트는 'Shapl design contest'에서 Best of Best 수상 후 디자인 특허 출원까지 진행하였습니다.  -UX 제품디자인(4.5/4.5)졸업전시 프로젝트로서, 최근 이슈에 관련된 문제를 찾아 해결하는 디자인을 제안하였습니다. 개인적인 경험이 아닌 신문 기사와 트렌드 리서치 논문을 통해 인사이트 도출을 진행하였습니다. 코로나 이후 집에서 보내는 시간과 우울증이 증가하는 문제를 찾아 이를 해결하는 스마트 식물 재배기 'Oasis'를 디자인하였습니다. 전시를 위한 프로토타입 목업 제작을 하면서 3D 프린팅 목업 제작에 필요한 후가공 과정에 대해서도 익힐 수 있었습니다. 이 과정에서 rhino 모델링을 더욱 정교하게 설계해야 할 필요가 있다는 것을 깨달았고, 모델링의 디테일을 높이게 되었습니다.또한, 제품과 연결되는 app의 UI UX 디자인까지 진행하며 제품이 사용되는 과정과 상황에 대해 더욱 자세하게 기획할 수 있었습니다. app을 디자인하면서 adobe xd 툴을 더욱 능숙하게 다룰 수 있게 되었고, 해당 프로젝트는 'Shapl design contest'에서 winner 수상 후 디자인 특허 출원을 하였습니다.  
"
삼성물산(주),2022년 하반기,신입,광고디자이너,삼성물산(패션)을 지원한 이유와 입사 후 회사에서 이루고 싶은 꿈을 기술하십시오.,"
""도전하는 SSF에서 패션 스페셜리스트로 성장하다"" ‘도전’을 중시하는 저의 가치관이 삼성물산의 가치관과 일치하여 지원하게 되었습니다. 삼성물산 패션은 최근 ‘세사패 다이버’를 개시하여 온라인을 통한 MZ세대와의 소통에 뛰어들었습니다. 이는 삼성물산이 다른 패션 기업들보다 새로운 시도에 적극적이라는 것을 보여주는 하나의 예시입니다. 문구 브랜드 ‘OOOOO’ 창업은 저의 도전정신을 잘 보여줍니다. 창업을 하고 싶다는 ‘생각’에서 머무르는 것이 아니라 직접 ‘행동’으로 옮기는 태도가, 삼성물산 패션의 비전과 결을 같이한다고 생각합니다. 이와 같은 도전정신 및 추진력으로, 삼성물산 패션에서 동반 성장하고 싶습니다. 저는 패션 그래픽 디자인에 대한 열정을 바탕으로 빠르게 변화하는 패션 시장의 니즈와 트렌드를 파악하는 예리한 안목을 지니고 있습니다. 2020년 졸업전시 준비 당시, 2022년 f/w 패션 트렌드 예측 포트폴리오를 제작하며 데이터 기반 분석 능력을 키울 수 있었습니다. 이러한 역량을 토대로, 단기적으로는 꾸준히 트렌드를 추적하며 국내외 시장의 패션 흐름에 대한 통찰력을 기르겠습니다. 궁극적으로는 삼성물산의 패션마인드를 내면화한 스페셜리스트로서, 삼성물산 패션의 디자인이 곧 세계의 트렌드인 현상을 이끌어내고 싶습니다.                         
"
삼성물산(주),2022년 하반기,신입,광고디자이너,"본인의 성장과정을 간략히 기술하되 현재의 자신에게 가장 큰 영향을 끼친 사건, 인물 등을 포함하여 기술하시기 바랍니다. (※작품속 가상인물도 가능)","
제 삶을 이끌고 있는 가치는 열정과 책임감입니다. 열정은 성취의 기반이며, 일을 오래도록 할 수 있게 하는 동력원입니다. 책임감을 가지고 일을 수행하는 태도는 어려움을 회피하지 않고 극복하게 합니다. 이와 같은 가치관은 자기분야에서 열정적으로 일하시고 성취하고 계신 부모님을 통해, 그리고 다음과 같은 경험들을 통해 형성되었습니다. ""어려움을 극복하는 힘, 열정"" 저는 한정된 인원, 예산이라는 어려움을 극복하며 열정의 중요성에 대해 깨달았습니다. 대학교 1학년, 창업동아리 ‘OOOO’에서 디자이너로 활동하던 때, 서울국제발명대회에 5명이라는 적은 인원으로 참여해야만 했습니다. 해야 할 일의 양이 너무 많아 포기하려던 팀원이 생겼을 때, 저는 목표에 대한 격려로 끝까지 이끌었습니다. 또한, 정해진 예산 내에서 부스를 꾸리기 위해 디자인을 도맡아 외주 비용을 최소화했습니다. 결과적으로 성공적으로 마무리하여 ‘금상 수상’이라는 성과를 낼 수 있었습니다. 문구 브랜드 ‘OOOOO’를 운영하는 동안에는 매출 침체 극복을 위한 방안을 모색하며 ‘열정과 몰입’의 중요성을 깨닫기도 했습니다. 2020년도 코로나로 인한 매출 하락을 타개하기 위해 어려운 상황에서도 안정적인 운영을 이어가고 있는 문구 브랜드들의 브랜딩 방식을 조사해 보았고, 그들은 단순한 ‘제품’이 아니라 ‘제품에 담긴 메시지’를 전달하려고 노력하고 있다는 사실을 알게 되었습니다. 이를 교훈 삼아, 문구의 주 소비층인 MZ세대들을 겨냥하여 ‘개성’, ‘취향’을 주요 키워드로 설정한 뒤 ‘내 취향과 정체성을 확립해주는 문구’라는 이미지를 구축하였습니다. 이러한 브랜드 아이덴티티 어필은 2020년 하반기 매출 두 배 이상 상승 및 11곳의 온/오프라인 매장 입점으로 이어졌습니다.  ""책임감으로 신규브랜드 런칭을 도모하다"" 현 근무 회사에서 신규 브랜드 런칭을 준비하며, 책임감 있는 태도가 업무를 효율적으로 수행하는 데에 큰 역할을 한다는 것을 알았습니다. 저는 디자이너로서, 계획된 런칭일에 맞추어 제품 기획과 디자인을 빠르게 마쳐야만 했습니다. 스케줄에 맞추기 위해 주별, 일별로 계획을 짜서 체계적으로 움직이려 노력하였습니다. 보다 효율적인 디자인 방향을 설정하기 위해, 런칭 예정된 제품군인 ‘키체인’을 이용하는 고객들의 구매 및 사용 트렌드를 분석하기도 하였습니다. 이는 기존 시장에서 판매되고 있는 제품들과 차별성을 두기 위한 디자인 접근 방법에 대해 분명한 해답을 주었고, 보다 신속하게 초기 디자인을 개발해내는 데에 도움을 주었습니다. 이후 남은 기간 동안 많은 수정단계를 거칠 수 있었으며, 이는 상사의 호평을 이끌어 냄과 동시에 런칭 상품으로 선정되어 생산에 들어가는 결과를 이끌어 냈습니다. 이와 같이 어려움에 닥쳤을 때 이를 극복해내려는 열정, 그리고 주어진 업무를 마지막 순간까지 책임지는 자세는 삼성물산 패션직무에서 일을 수행하는 데 도움을 줄 것이라 생각합니다. 위와 같은 삶의 태도로 맡은 일을 적극적으로 해결하며 끊임없이 발전하는 인재가 되겠습니다.                         
"
삼성물산(주),2022년 하반기,신입,광고디자이너,최근 사회이슈 중 중요하다고 생각되는 한 가지를 선택하고 이에 관한 자신의 견해를 기술해 주시기 바랍니다.,"
""기술적 측면으로 접근하는 패션의 ESG 경영"" 현재 기업들의 ‘ESG 경영’은 중요한 트렌드이자 하나의 과제입니다. ‘ESG 경영’이란 장기적인 관점에서 친환경 및 사회적 책임 경영을 통해 지속가능한 발전을 추구하는 것을 말합니다. 이는 패션 산업 내에서 특히 강조되는데, 실제 패션으로 인한 환경오염과 인권 착취 등이 발생하기 때문입니다. 그 중 가장 논란이 되는 것은 '패션 산업으로 인한 환경 오염' 문제입니다. 실제로 유엔(UN)에 따르면 패션 산업은 전 세계 탄소 배출량의 8~10%를 차지하고 있습니다. 폴리에스테르와 같은 합성 재료의 생산에는 상당한 양의 기름을 필요로 하며, 의류 생산 과정 속에서는 매년 수천만톤의 화학 물질이 소비됩니다. 이를 해결하기 위해서 글로벌 패션 기업들은 첨단 기술 적용에 힘써야 합니다. 3D 기술의 적극적인 도입은 하나의 방법이 될 수 있습니다. 옷을 개발하기 위해 선행되는 샘플 개발 및 운반은 다량의 탄소를 배출하는데, 3D 기술은 이를 효과적으로 감소 시킬 수 있습니다. 모든 개발이 컴퓨터 프로그램상에서 이루어지기 때문에 환경오염을 유발 시키는 화학 염료의 사용과 의류 폐기물 배출을 감축 시키며, 디지털화된 소재와 옷들을 컴퓨터 내에 데이터로 보관하여 주고받을 수 있기 때문에 운반에 들어가는 시간 및 자원 또한 아낄 수 있습니다. 새로운 디자인의 옷을 개발하는 데에 들이는 노력들 중 일부를 친환경 기술 활용으로 전환한다면 지속가능한 패션을 실천하는 데에 한 발자국 더 가까이 다가갈 수 있을 것입니다. 삼성물산 패션은 ESG 경영에 많은 노력을 기울이고 있습니다. 대표적인 예로 ‘그린 빈폴’이 있습니다. 해당 라인은 버려진 의류들을 재활용한 재생 소재를 활용하거나, 윤리적 방식으로 만들어진 면을 사용하는 등, 다방면으로 지속 가능성을 실천하고 있습니다. 이와 더불어, 삼성물산 패션이 환경보호를 강화할 수 있는 기술을 추가적으로 활용한다면, 트렌디함을 넘어 ESG 경영에도 앞장서는 기업으로 거듭날 수 있을 것이라 생각합니다.                         
"
에이치엔아이엔씨(주),2022년 상반기,신입,그래픽디자이너,지원동기,"
""디자인을 통한 사용자와의 화합"" 저는 UI/UX 디자인 직무에서 사용자 중심 문제 정의를 가장 중시합니다. 학부시절, 졸업 작품 중 하나로 웹디자인 프로젝트를 진행하게 되었습니다. 그전까지 커리큘럼에 따라 편집디자인 위주의 작업을 해왔기 때문에 조금은 생소했으나 사용자와 실시간으로 양방향 소통이 가능하다는 점에서 UI/UX 직무에 큰 매력을 느끼게 되었습니다. 그 후 해당 직무를 수월하게 수행하기 위해 디자인 기획부터 리서치, 디자인 시스템 구축의 프로세스를 익혔습니다. 그리고 전문역량을 강화하고 타 부서와의 협업에 보탬이 되고자 클라이언트 HTML5, CSS3, Javascript 등의 개발 언어를 익혀 폭넓은 디자인 업무를 수행할 수 있도록 노력했습니다. 그 과정에서 자연스럽게 UX 적 관점에서 바라본 사용자의 니즈를 캐치하고 실현해 사용자와의 화합을 중요히 생각하게 되었습니다. 에이치엔그룹은 지난 15년간 창조적인 도전을 실현하며 고객들에게 지속 가능한 가치를 전달 해왔습니다. 기업과 산업의 환경이 빠르게 변화함에 따라 능동적으로 대응하며 IT서비스 사업 시작으로 건설 사업에 진출하였고, 고객 만족을 추구하며 선순환 가치 창출을 실천하며 이제는 신 성장 사업을 향해 도약을 준비하고 있습니다. 고객, 기업, 사회 만족을 추구하며 사회의 선순환 가치 창출을 지향하는 기업으로서, 고객 중심적인 가치관이 수반되는 에이치엔그룹과 저의 비전이 일치하여 지원하게 되었습니다.                         
"
에이치엔아이엔씨(주),2022년 상반기,신입,그래픽디자이너,성장과정,"
""적소성대: 작은 것이 모여 큰 것이 된다."" 저의 가치관은 ‘작은 것이 모여 큰 것이 된다’입니다. 학부 시절, 작은 목표의 중요성을 깨닫고 문제 해결에 대해 한 걸음 쉽게 다가가게 된 경험이 있습니다. 서빙 아르바이트를 하던 중 메뉴판의 복잡한 레이아웃 때문에 손님들이 주문을 혼동하는 것을 확인 한 이후로, 그런 손님들이 오실 때마다 혼동한 메뉴들을 체크했습니다. 근무하는 4시간 동안 평균 6팀의 손님들이 세트메뉴 주문을 혼동했고 이것을 사장님께 전달해 직접 메뉴판의 정보 구조를 리디자인 했습니다. 메뉴의 그룹을 다시 구성했고 가장 헷갈려 하는 정보는 따로 분류해 직접 제작한 일러스트와 함께 재배치하여 강조했더니 메뉴 구성을 혼동하는 손님들이 평균 1팀 이하로 낮아졌습니다. 작은 시도라고 할 수 있지만 적극적인 자세로 문제점을 캐치하고 노력한 결과 수치로 확인할 수 있는 성과를 얻어 의미 있었던 경험이었고 큰 목표 뿐 아니라 주변의 작은 불편부터 바라보고 반응할 수 있는 계기가 되었습니다.                         
"
에이치엔아이엔씨(주),2022년 상반기,신입,그래픽디자이너,성격의 장단점,"
""사회 경험으로부터 배운 책임감"" 무슨 일이든 내 이름을 내걸고 한다는 책임감을 가지고 일에 임합니다. 대학 시절, 학업 외 다양한 경험을 하고자 미술 강사, 일러스트레이터, 바리스타, 매장관리 등 다양한 아르바이트로 사회를 배워 나갔습니다. 이때, 사소한 작업과 아르바이트라도 책임감 없이 임하면 결국 아무도 나를 필요로 하지 않는다는 생각으로 항상 최선을 다했습니다. 미술 강사 시절, 업무 시간을 초과하더라도 학생이 작품을 완성할 때까지 끝까지 이끌었고 일러스트 작업 의뢰를 받을 때는 견적, 1·2차 컨펌 날짜, 최종 시안 전달 날짜 등의 계획을 일반인들도 쉽게 알아볼 수 있도록 일러스트를 활용한 맞춤 타임 테이블을 제작해 모든 고객에게 전달했습니다.그 결과 동료들에게는 믿고 일을 맡길 수 있는 사람이라는 평을 들었고, 재의뢰를 하는 고객도 많아졌습니다. ""결정에 대한 망설임, 체계적인 계획으로 극복하자"" 우유부단한 성격 때문에 의사결정이 느리다는 단점이 있습니다. 학부 시절 팀 프로젝트의 팀장을 맡게 되었을 때, 프로젝트 주제 선정부터 진행까지 주도적으로 결정해야 하는 사항들이 많았는데 이러한 성격 때문에 진행이 지체되며 팀원들과 다 같이 어려움을 겪었던 적이 있습니다. 이를 극복하고자 두 번째 프로젝트에서는 진행 계획을 시간별, 날짜별, 팀원별로 체계적으로 짜서 계획에 기반한 확신으로 팀원들을 이끌었습니다. 이를 통해 결정 시간을 단축 시키고 팀원들의 참여 또한 고취 시켜 결론적으로 교수님과 팀원들에게 좋은 평을 들으며 A+ 평가를 받았던 적이 있습니다. 앞으로도 이러한 꼼꼼하고 주도적인 계획으로 성격의 단점을 극복해 나갈 수 있습니다.                          
"
에이치엔아이엔씨(주),2022년 상반기,신입,그래픽디자이너,입사 후 포부,"
""열정과 냉정을 갖춘 커뮤니케이터"" 뜨거운 마음과 이성적인 사고를 갖춘 커뮤니케이터가 되겠습니다. 디자이너는 클라이언트는 물론 동료 디자이너, 개발자분들과 회의를 통해 디자인을 제작하기 때문에 상대방의 의견을 존중하고 수렴하는 자세가 필요하다고 생각합니다. 저는 적극적인 성격과 탁월한 커뮤니케이션 능력을 활용하여 팀 업무를 진행할 때 좋은 아이디어를 제시하고 효과적인 소통을 통해 디자인 방향성을 잡아가는 방법을 알고 있습니다. 또한 HTML, CSS등 개발언어에 대한 전반적인 지식을 가지고 있고 코딩 경험을 기반으로 하여 개발자분들과도 원활한 커뮤니케이션이 가능합니다. 이처럼 활발한 의사소통과 개발언어에 대한 이해로 사용자의 관점에서 어떤 구동과 디자인이 편리하고 직관적으로 보여지는 지를 고려해 웹과 모바일 디자인을 제작할 수 있습니다. 또한 여러 상품 및 서비스 기획 경험을 바탕으로 프로젝트를 진행할 때 디자인할 대상의 아이덴티티가 잘 반영되며 컨셉, 메세지를 확실히 전달하는 디자인을 제작할 수 있습니다.  제가 에이치엔그룹의 디자이너로서 일원이 된다면 팀에 조화를 이루며 협력하고 공동의 목표를 위해 완성된 디자인을 제작하는 디자이너가 되도록 하겠습니다. 트렌드를 놓치지 않는 세련된 디자인을 통해 디자인 경쟁력을 만들고 기획 단계부터 시장의 변화와 니즈를 철저히 수집하고 분석해 고객을 위한 가치창출에 매진하겠습니다.                         
"
㈜커넥트웨이브,2022년 상반기,신입,그래픽디자이너,지원동기,"
""디자인을 통한 사용자와의 화합"" 저는 UI/UX 디자인 직무에서 사용자 중심 문제 정의를 가장 중시합니다. 학부시절, 졸업 작품 중 하나로 웹디자인 프로젝트를 진행하게 되었습니다. 그전까지 커리큘럼에 따라 편집디자인 위주의 작업을 해왔기 때문에 조금은 생소했으나 사용자와 실시간으로 양방향 소통이 가능하다는 점에서 UI/UX 직무에 큰 매력을 느끼게 되었습니다. 그 후 해당 직무를 수월하게 수행하기 위해 디자인 기획부터 리서치, 디자인 시스템 구축의 프로세스를 익혔습니다. 그리고 전문역량을 강화하고 타 부서와의 협업에 보탬이 되고자 클라이언트 HTML5, CSS3, Javascript 등의 개발 언어를 익혀 폭넓은 디자인 업무를 수행할 수 있도록 노력했습니다. 그 과정에서 자연스럽게 UX 적 관점에서 바라본 사용자의 니즈를 캐치하고 실현해 사용자와의 화합을 중요히 생각하게 되었습니다. 다나와는 지난 20여 년간 전자기기에서 스포츠, 육아, 생활용품, 뷰티까지 다양한 분야로 사업을 확장하고 지속적으로 성장했습니다. 현재 대표적인 종합 가격비교 전문 플랫폼으로 업계의 입지와 신뢰를 굳혔으며, 이제는 상품 중심이 아닌 고객 중심의 데이터베이스로서 도약을 준비하고 있습니다. 끊임없는 혁신을 실현하며 고객 커뮤니티를 형성하고 이커머스를 넘어 가치 쇼핑과 화합을 지향하는 기업으로서, 고객 중심적인 가치관이 수반되는 다나와와 저의 비전이 일치하여 지원하게 되었습니다.                         
"
㈜커넥트웨이브,2022년 상반기,신입,그래픽디자이너,성장과정,"
""적소성대: 작은 것이 모여 큰 것이 된다."" 저의 가치관은 ‘작은 것이 모여 큰 것이 된다’입니다. 학부 시절, 작은 목표의 중요성을 깨닫고 문제 해결에 대해 한 걸음 쉽게 다가가게 된 경험이 있습니다. 서빙 아르바이트를 하던 중 메뉴판의 복잡한 레이아웃 때문에 손님들이 주문을 혼동하는 것을 확인 한 이후로, 그런 손님들이 오실 때마다 혼동한 메뉴들을 체크했습니다. 근무하는 4시간 동안 평균 6팀의 손님들이 세트메뉴 주문을 혼동했고 이것을 사장님께 전달해 직접 메뉴판의 정보 구조를 리디자인 했습니다. 메뉴의 그룹을 다시 구성했고 가장 헷갈려 하는 정보는 따로 분류해 직접 제작한 일러스트와 함께 재배치 하여 강조했더니 메뉴 구성을 혼동하는 손님들이 평균 1팀 이하로 낮아졌습니다. 작은 시도라고 할 수 있지만 적극적인 자세로 문제점을 캐치하고 노력한 결과 수치로 확인할 수 있는 성과를 얻어 의미 있었던 경험이었고 큰 목표 뿐 아니라 주변의 작은 불편부터 바라보고 반응할 수 있는 계기가 되었습니다.                         
"
㈜커넥트웨이브,2022년 상반기,신입,그래픽디자이너,성격의 장단점,"
""사회 경험으로부터 배운 책임감"" 무슨 일이든 내 이름을 내걸고 한다는 책임감을 가지고 일에 임합니다. 대학 시절, 학업 외 다양한 경험을 하고자 미술 강사, 일러스트레이터, 바리스타, 매장관리 등 다양한 아르바이트로 사회를 배워 나갔습니다. 이때, 사소한 작업과 아르바이트라도 책임감 없이 임하면 결국 아무도 나를 필요로 하지 않는다는 생각으로 항상 최선을 다했습니다. 미술 강사 시절, 업무 시간을 초과하더라도 학생이 작품을 완성할 때까지 끝까지 이끌었고 일러스트 작업 의뢰를 받을 때는 견적, 1·2차 컨펌 날짜, 최종 시안 전달 날짜 등의 계획을 일반인들도 쉽게 알아볼 수 있도록 일러스트를 활용한 맞춤 타임 테이블을 제작해 모든 고객에게 전달했습니다.그 결과 동료들에게는 믿고 일을 맡길 수 있는 사람이라는 평을 들었고, 재의뢰를 하는 고객도 많아졌습니다. ""결정에 대한 망설임, 체계적인 계획으로 극복하자"" 우유부단한 성격 때문에 의사결정이 느리다는 단점이 있습니다. 학부 시절 팀 프로젝트의 팀장을 맡게 되었을 때, 프로젝트 주제 선정부터 진행까지 주도적으로 결정해야 하는 사항들이 많았는데 이러한 성격 때문에 진행이 지체되며 팀원들과 다 같이 어려움을 겪었던 적이 있습니다. 이를 극복하고자 두 번째 프로젝트에서는 진행 계획을 시간별, 날짜별, 팀원별로 체계적으로 짜서 계획에 기반한 확신으로 팀원들을 이끌었습니다. 이를 통해 결정 시간을 단축 시키고 팀원들의 참여 또한 고취 시켜 결론적으로 교수님과 팀원들에게 좋은 평을 들으며 A+ 평가를 받았던 적이 있습니다. 앞으로도 이러한 꼼꼼하고 주도적인 계획으로 성격의 단점을 극복해 나갈 수 있습니다.                          
"
㈜커넥트웨이브,2022년 상반기,신입,그래픽디자이너,입사 후 포부,"
""열정과 냉정을 갖춘 사원"" 뜨거운 마음과 이성적인 사고를 갖춘 인재가 되겠습니다. 디자이너는 클라이언트는 물론 동료 디자이너, 개발자분들과 회의를 통해 디자인을 제작하기 때문에 상대방의 의견을 존중하고 수렴하는 자세가 필요하다고 생각합니다. 저는 적극적인 성격과 탁월한 커뮤니케이션 능력을 활용하여 팀 업무를 진행할 때 좋은 아이디어를 제시하고 효과적인 소통을 통해 디자인 방향성을 잡아가는 방법을 알고 있습니다. 또한 HTML, CSS등 개발언어에 대한 전반적인 지식을 가지고 있고 코딩 경험을 기반으로 하여 개발자분들과도 원활한 커뮤니케이션이 가능합니다. 이처럼 활발한 의사소통과 개발언어에 대한 이해로 사용자의 관점에서 어떤 구동과 디자인이 편리하고 직관적으로 보여지는지를 고려해 웹과 모바일 디자인을 제작할 수 있습니다. 또한 여러 상품 및 서비스 기획 경험을 바탕으로 프로젝트를 진행할 때 디자인할 대상의 아이덴티티가 잘 반영되며 컨셉, 메세지를 확실히 전달하는 디자인을 제작할 수 있습니다.  제가 다나와의 UI/UX 디자이너로서 일원이 된다면 팀에 조화를 이루며 협력하고 공동의 목표를 위해 완성된 디자인을 제작하는 디자이너가 되도록 하겠습니다. 소비자 라이프스타일을 고려한 새로운 쇼핑 가치를 제안하며, 트렌드를 놓치지 않는 세련된 디자인을 통해 디자인 경쟁력을 만들고 상품 기획 단계부터 시장의 변화와 니즈를 철저히 수집하고 분석해 고객을 위한 가치창출에 매진하겠습니다.                         
"
(주)SBS,2021년 상반기,신입,제품디자이너,입사 지원동기를 작성해주세요. (①지원 부문을 선택한 이유와 ②지원 부문과 관련하여 본인이 쌓아온 역량을 포함하여 작성),"
""NO.1 소품 디스플레이어를 꿈꾸며"" 글로벌 OTT 업계의 K-콘텐츠에 관한 관심이 증가하며 수요가 급증하고 있습니다. SBS는 트렌디한 콘텐츠와 영상미로 글로벌 콘텐츠의 경쟁력을 키우며 방송산업을 선도하고 있습니다. 10년 이상이 된 스테디 프로그램부터 골 때리는 그녀들, 펜트하우스 등 새로운 프로그램을 통해 다양한 대중 픽 프로그램들을 배출하고 있습니다. 이를 뒷받침하는 SBS A&T는 미디어 아트 전시를 개최하고, 무대 세트장을 관광지로 개발하는 등 차별화된 기술력과 전략을 통해 방송 문화 산업을 선도하고 있습니다. 이러한 SBS A&T의 끊임없는 도전과 성공에 저의 디자인 역량을 활용한다면, 디자이너로서 개인적 성장과 동시에 SBS A&T의 성장에도 이바지할 수 있을 것으로 생각하여 지원하였습니다. ""학부생부터 다져온 스킬업"" 소품 디스플레이를 통해 공간을 연출하기 위해서는 공간에 대한 이해와 표현력이 필수적인 역량이라고 생각합니다. 제가 속한 OO과는 공간의 콘셉트를 도출하여 연출, 설계하는 인테리어의 커리큘럼으로 이루어져 조형과 공간을 구성하는데 특화된 학과입니다. 학과 수업을 통해 컨셉에 맞는 공간을 기획하고 연출하여 설계도, 3D modeling으로 표현하는 연습을 통해 아이디어를 2D, 3D로 표현하는 능력을 길렀습니다. ""사회 경험을 통해 준비된 공간 디자이너"" OOO 브랜드의 VMD 아르바이트생으로 근무하며 공간에 대해 이해하고 연출하는 방법에 대해 배웠습니다. 코엑스 OOO를 위한 브랜드 부스 공간을 기획하고 연출한 경험이 있습니다. 컨셉에 맞는 부스를 기획하기 위해 시장을 조사하고 트렌드를 분석하며 다양한 시안을 작업하였습니다. 좁은 부스 공간의 가장 효율적인 동선을 고려하여 제품들을 배치하여, 진열하는 제품의 수를 늘리면서도 부스 내부가 혼잡해 보이지 않게 진열했습니다. 이를 통해 성실함과 작업물의 우수함을 인정받아 근로 기간을 연장하여 근무하게 되었습니다. 짧은 기간이었지만 실무에서 공간의 컨셉에 맞게 소품을 디스플레이할 때 어떤 점을 강조해야 하는지, 소비자 관점에서 좋은 디스플레이란 무엇인지에 대해 많은 것을 배우게 됐습니다. 이러한 경험이 이어져 소품 디스플레이 직무에 관심을 두게 되었습니다. SBS A&T의 소품 디스플레이어로서 프로그램의 첫 인상이 될 수 있는 무대의 디스플레이를 통해 시청자의 오감을 만족하게 하는 공간을 연출하여 SBS만의 차별화된 브랜드 가치를 보여주겠습니다. 콘텐츠의 방향성과 의도를 확고히 하는 섬세한 연출을 통해 대한민국 최고의 방송사 SBS의 디자인 문화에 이바지하겠습니다.                         
"
(주)SBS,2021년 상반기,신입,제품디자이너,본인이 어떤 사람인지 보여줄 수 있는 자신의 성격이나 스타일을 자유로운 방식으로 설명해주세요.,"
""내 이름을 걸고, 사장님의 마음으로"" 제가 가장 중요한 가치관으로 생각하는 것은 '책임감'입니다. 맡은 일을 넘어 남들이 생각지 못한 부분까지 고민하고 해결책을 제시하는 모습을 통해 주변 사람들에게 신뢰를 얻고 중요한 일들을 맡아 하게 되었습니다. 바리스타로 일하던 작은 동네 카페의 공간이 협소하여 한 번에 받을 수 있는 손님의 수가 적다는 문제점과 다른 카페와의 차별화가 필요하다는 생각을 사장님께 적극적으로 건의를 드렸습니다. 좁은 공간에서 가장 효율적인 동선을 고려하여 가구를 재배치하여, 테이블 수를 늘리면서도 카페 내부가 혼잡해 보이지 않게 디스플레이 했습니다. 또한, 여느 카페와 비슷한 갈색의 테이크 아웃 잔을 눈에 띄는 색상으로 바꾸고 누구나 알아볼 수 있게 카페 로고를 넣어 리디자인하여 저희 카페만의 정체성을 구축하였습니다. 다른 카페와는 차별화된 독특한 색의 테이크 아웃 잔 때문에 일부러 테이크 아웃 잔으로 받아가시는 손님이 늘어났습니다. 카페의 발전을 위해 꾸준히 노력한 결과 주민들만 알고 방문하던 동네카페가 SNS에서 유명한 카페로 몇 번이나 소개되기도 하였습니다. 이를 통해 매출 또한 크게 증가했습니다. 대학 재학 중, 직접 제작한 작품을 전시하는 졸업 전시에서 졸업전시의 디스플레이 팀장을 맡은 경험이 있습니다. 전시장 내부의 디스플레이를 전담하여 전시의 컨셉에 맞는 공간의 방향성을 제시하고 연출하였습니다. 좁은 전시장의 공간을 효율적으로 이용하기 위해 OOO을 설치하였고 그 위에 프로젝터를 통해 영상을 재생하여 전시장의 분위기를 연출하였습니다. 전년도까지는 디스플레이 팀이 하는 일은 전시장의 컨셉에 맞는 공간 연출 뿐이었습니다. 매년 전시를 관람하며 각 작품에 설명이 없어 아쉬워하는 관람객들을 많이 보았습니다. 그래서 각 작품의 컨셉을 한눈에 담은 사진을 전시장 한편에 붙여 넣어 작품의 설명을 비주얼 적으로 나타낼 것을 제안하였습니다.결과적으로 전년도보다 훨씬 전시 공간의 동선을 효과적으로 구성하였고 작품의 개성을 드러낼 수 있는 전시 공간을 연출할 수 있었습니다. 또한, 전년도보다 직관적으로 작품을 관람할 수 있다는 호평을 듣는 전시가 되었습니다. 어떤 일을 하든 책임감이 중요한 덕목이라고 생각합니다. 저는 어떤 일을 하든 책임감을 가지고 한 발 더 나아가는 사람으로, SBS의 공간을 책임감을 가지고 디스플레이하는데 기여하겠습니다.                         
"
(주)SBS,2021년 상반기,신입,제품디자이너,"자신의 삶에서 가장 어려웠던 일을 극복한 경험을 작성해주세요. (① 당시 상황, ② 본인의 역할과 행동, ③ 상황의 결과를 포함하여 작성)","
""협동력을 통한 성공적인 전시 경험"" 대학 시절 졸업 전시 디스플레이 팀장으로서 각 일정을 관리하고 팀원들의 역할을 분배하여 프로젝트의 데드라인을 맞춘 경험이 있습니다. 매년 졸업 전시를 위한 공동 작업의 비효율성에 대한 불만이 많아 참여율이 저조하다는 문제가 있었습니다. 팀장을 맡은 후 이전의 두 전시를 통해 겪었던 공동작업의 문제점들을 되짚어 보았습니다. 우선, 소수의 인원으로 할 수 있는 일에도 많은 인원을 부르면서 작업 계획을 꼼꼼하게 세우지 않아 대기 시간이 늘어나는 점을 인지하였습니다. 또한, 공동 작업의 내용이 공유되지 않아 팀원들의 작업 이해도가 떨어져 작업 속도가 지연되는 문제점이 있었습니다. 이 때문에 작업이 비효율적이고 개인 작품을 만들 시간을 빼앗는다는 불만에 참여율 또한 저조하다는 것이 큰 문제라고 판단했습니다. 전시의 완성도를 위해서는 개개인의 작품만큼 전시장 내외부를 컨셉에 맞게 보여주는 것 또한 중요하기 때문에 학우들의 참여가 필수적입니다. 전시의 데드라인을 지키고 성공적인 전시 공간을 연출하기 위해 공동 작업의 생산성 극대화와 동기부여가 필요하다고 판단하여 작업을 세분화하고 이에 따라 팀원을 나누었습니다. 우선 전시 날짜를 기점으로 역으로 계획을 세분화하여 세웠습니다. 이후 OOO하는 팀원, OOO하는 팀원 등으로 공동 작업과 팀을 나누었습니다. 다수의 인원이 많은 일을 모두 다 함께하며 여러 번 공동 작업에 참여할 필요 없이, 일을 분담하여 맡은 공동 작업 일정에만 참여하도록 하였습니다. 또한, 전체가 모든 작업에 참여하는 것보다 소수의 인원이 맡은 일이 무엇인지 파악하고 협동하여 빠르게 작업을 처리할 수 있다고 설득하였습니다. 모든 작업에 참여할 필요 없이 자신이 맡은 일만 처리하면 공동 작업을 금방 끝낼 수 있었기에 학우들의 참여율 또한 높아졌습니다. 위의 과정을 통해 작업의 전반적인 일정을 조율하고 팀원들의 역할을 분담하여 참여율을 90% 이상 끌어냈습니다.  이 전시를 통해 팀워크의 효율성과 가치를 깨닫게 되었습니다. 또한, 혼자였다면 만들 수 없었을 더 좋은 결과물을 끌어낼 수 있다는 것을 배웠고, 팀원들과 협력하여 작업 시간 또한 단축하며 전시를 잘 마무리 할 수 있었습니다. 또한, 좋은 결과물을 위해 팀원과 소통하고 협력하는 자세를 갖게 되었습니다. 하나의 무대를 만들기 위해서는 팀으로 여러 부서와 협력하여 세트를 만들기 때문에 팀 워크 작업이 필수적입니다. 제가 가진 의사소통 능력과 팀원을 존중하는 태도를 더하여 다양한 프로젝트에서 다양한 부서와 협력해 최상의 결과물을 만들겠습니다.                          
"
영풍문고,2021년 하반기,신입,공간디자이너,직무 역량,"
제가 속한 00과는 공간의 컨셉을 도출하여 연출, 설계하는 인테리어의 커리큘럼으로 이루어져 조형과 공간을 구성하는데 특화된 학과입니다. 가구 디자인, 인테리어 디자인, 개인 작업을 통해 일러스트, 포토샵, 3D MAX 실력 또한 갖추어 왔습니다. 대학 재학 중, 직접 제작한 작품을 전시하는 과제·졸업 전시에서 졸업 전시의 디스플레이 팀장을 맡은 경험이 있습니다. 전시장 내부의 디스플레이를 전담하여 전시의 컨셉에 맞는 공간의 방향성을 제시하고 연출하였습니다. 좁은 전시장의 공간을 효율적으로 이용하기 위해 천장에 패브릭을 설치하였고 그 위에 프로젝터를 통해 영상을 재생하여 전시장의 분위기를 연출하였습니다. 또한, 각 작품이 가진 컨셉을 한눈에 담은 사진을 전시장 한편에 붙여 작품의 설명을 비주얼 적으로 나타냈습니다. 전시장 외부에는 전시의 방향성이 돋보이게 하는 조형물을 설치하여 전시를 홍보했습니다. 결과적으로 전년도보다 훨씬 전시 공간의 동선을 효과적으로 구성하였고 작품의 개성을 드러낼 수 있는 전시 공간을 연출할 수 있었습니다. 또한, 전년도보다 큰 홍보 효과로 많은 관람객을 유치하여 호평을 듣는 전시가 되었습니다. 전시를 연출하는 과정을 통해 공간을 효과적인 구성과 기획하는 법을 배웠고, 매력적인 공간을 연출하는 것에 관심을 두게 되었습니다. 이러한 경험이 이어져 VMD라는 직무에 매력을 느끼게 되었습니다. 영풍문고의 VMD로서 브랜드의 첫 인상이 될 수 있는 매장의 연출을 통해 고객의 오감을 만족하게 하는 공간을 기획하여 차별화된 브랜드 가치를 보여주겠습니다.                         
"
영풍문고,2021년 하반기,신입,공간디자이너,실무 경험,"
""구매로 이어지는 디자인"" VM과 인쇄물 그래픽 작업에 참여한 코엑스 행사에서 고객들이 제품을 구매하는 모습에 큰 성취감을 느꼈습니다. 홈퍼니싱 브랜드의 VMD 직무 아르바이트생으로 근무하며 코엑스 OOO 행사 부스를 위한 VM 작업과 POP, 브로셔, 엽서 등 그래픽 작업을 했습니다. 좁은 행사장의 공간을 효율적으로 이용하기 위해 가벼운 패브릭 제품을 천장에 설치하여 연출하는 아이디어를 제안했습니다. 또한, 각 제품군의 사진과 설명이 담긴 POP를 제품 바로 옆에 설치했습니다. POP는 한눈에 제품의 가격과 종류를 비교할 수 있게 만들어 제품의 구매로 이어지도록 하였습니다. 결과적으로 좁은 전시 공간의 동선을 효과적으로 구성하였고, 많은 제품을 판매할 수 있었습니다. 이를 통해 성실함과 작업물의 우수함을 인정받아 근로 기간을 연장하여 근무했습니다. 짧은 기간이었지만 소비자 관점에서 좋은 디자인과 구매로 이어지는 디자인의 과정에 대해 많은 것을 배웠습니다.                         
"
영풍문고,2021년 하반기,신입,공간디자이너,강점,"
제가 가장 중요한 가치관으로 생각하는 것은 `책임감`입니다. 아버지께서는 한 회사에서 20년 이상 근무하시면서 늘 문을 열어주는 보안 직원보다 먼저 출근하시고, 누구보다 늦게 퇴근하셨습니다. 아버지는 늘 저에게 어디서 무슨 일을 하든 늘 너의 일이라고 생각하라고 말씀하시며 이를 몸소 실천하셨습니다. 이런 아버지를 통해 자연스레 `책임감`과 `주도성`에 대해 배우게 되었습니다. 아버지께서 가르쳐주신 책임감과 주도성은 사회생활을 하면서 저의 자양분이 되었습니다. 맡은 일을 넘어 남들이 생각지 못한 부분까지 고민하고 해결책을 제시하는 모습을 통해 주변 사람들에게 신뢰를 얻고 중요한 일들을 맡아 하게 되었습니다. 바리스타로 일하던 작은 동네 카페의 공간이 협소하여 한 번에 받을 수 있는 손님의 수가 적다는 문제점과 다른 카페와의 차별화가 필요하다는 생각을 사장님께 적극적으로 건의를 드렸습니다. 좁은 공간에서 가장 효율적인 동선을 고려하여 가구를 재 배치하여, 테이블 수를 늘리면서도 카페 내부가 혼잡해 보이지 않게 디스플레이 했습니다. 또한, 여느 카페와 비슷한 갈색의 테이크 아웃 잔을 눈에 띄는 색상으로 바꾸고 누구나 알아볼 수 있게 카페 로고를 넣어 리 디자인하여 저희 카페만의 정체성을 구축하였습니다. 다른 카페와는 차별화된 독특한 색의 테이크 아웃 잔 때문에 일부러 테이크 아웃 잔으로 받아가시는 손님이 늘어났습니다. 카페의 발전을 위해 꾸준히 노력한 결과 주민들만 알고 방문하던 동네 카페가 SNS에서 유명한 카페로 몇 번이나 소개되기도 하였습니다. 이를 통해 매출 또한 크게 증가했습니다. 늘 이렇게 주인 의식을 가지고 일하여, 어디서 일하든 사장님의 신뢰를 받는 야무진 아르바이트생으로 인정받아 책임감 또한 강해졌습니다. 이렇게 최선을 다하는 성격으로 영풍문고의 주인의식을 가지고 나의 일이라고 생각하면, 어떤 문제에 직면하더라도 책임감 있게 해결할 수 있다고 생각합니다.                         
"
(주)문화방송,2022년 상반기,신입,제품디자이너,지원동기,"
학창 시절에 방송국 스튜디오 체험 학습에 참여한 적이 있습니다. 각 분야의 스태프, 출연자가 같이 협업해 무대를 디자인하여 관객에게 폭발적인 환호를 받는 광경을 본 순간부터 무대디자인에 관한 관심을 두게 되고 상상력과 창의성을 가진 풍부한 무대디자인을 시청자에게 제공해 시각적으로 그들의 삶을 더 풍성하게 만들어 주고 싶은 목표가 생겼습니다. 언제나 시청자의 좋은 친구가 되기를 바라는 MBC의 목표와 저의 꿈을 이루기 위해 지원하게 되었습니다. 제가 갖춘 역량을 토대로 누구나 즐길 수 있는 무대디자인을 선보여 MBC의 이념에 맞는 인재가 되겠습니다.                         
"
(주)문화방송,2022년 상반기,신입,제품디자이너,경험 및 경력사항,"
무대디자인 직무를 수행하기 위해 다음과 같이 노력했습니다. 첫째, 주제에 알맞은 창의적인 콘셉트를 설정할 수 있습니다. 학교 공연 ‘OOOOO’의 뛰어난 무대를 제공하기 위해 철저히 분석하고 그에 맞는 콘셉트를 창작해냈습니다. 기존 무대에 이동식 소품, 벽면을 추가해 막 전환이 수월하게 되는 무대를 디자인하여 성공적인 공연을 할 수 있었습니다. 둘째, OOO 청소년 공간개선 사업에서 제가 부서를 이끌고 성공적인 결과를 가져온 경험이 있습니다. 그 당시에 부서원들은 어떤 식으로 프로젝트를 진행할지 헤매고 있었습니다. 저는 부서원들 개개인의 성향을 파악하고 체계적인 역할 분담과 일정을 수립하여 성공적인 결과를 만들어냈습니다. 위의 경험을 통해 길러온 저의 역량은 MBC에서 더욱 발전시켜 무대디자인 분야에서 으뜸이 되겠습니다                         
"
중앙일보㈜,2021년 상반기,인턴,그래픽디자이너,자기소개 및 지원 동기,"
""영상 디자인 직무에 대한 열정"" 평소 방송, 유튜브, 인스타그램 등 다양한 미디어 매체를 통해 영상 콘텐츠를 접하며, 영상 디자인 분야에 흥미를 느끼게 되었습니다. 학부 시절, 높은 디자인 역량을 갖추기 위해 일러스트레이션, 모션 디자인 스튜디오, 3D 그래픽스 등 다양한 그래픽 및 영상 분야의 수업을 이수하였습니다. 아쉬운점 1저는 일러스트레이터, 포토샵, 애프터 이펙트와 Cinema 4D 등 다양한 그래픽 프로그램의 사용이 가능하며, 중앙일보의 영상 편집 및 그래픽 디자인 직무가 제가 추구하는 방향과 맞는다고 생각하였습니다. 중앙일보에서 직무를 수행하며, 영상 디자이너로서 성장하고 싶습니다.아쉬운점 2  
"
중앙일보㈜,2021년 상반기,인턴,그래픽디자이너,직무 관련 본인의 주요 성과 및 과정,"
""모션 그래픽 디자인 실무 경력을 통한 높은 직무 역량"" 포스트 프로덕션의 아트팀 인턴으로 근무하며, 광고 영상의 후반 2D 모션그래픽 및 자막 디자인 업무를 담당하였습니다. 애프터 이펙트를 사용하여 영상에 모션 그래픽 요소를 추가하여 완성된 영상으로 제작하였습니다. 또한, 포토샵과 일러스트레이터를 사용하여 영상의 그래픽 소스를 제작하기도 하였습니다. 타이포그래피에 대한 이해를 바탕으로, 가독성이 좋은 폰트를 사용하고 색상을 통일함으로써 높은 완성도의 영상을 제작하기 위해 노력하였습니다. 저는 이러한 모션 그래픽 디자인 실무 경력을 통해 높은 직무 역량을 가지고 있다고 생각합니다.아쉬운점 1  
"
(주)슈피겐코리아,2020년 하반기,신입,그래픽디자이너,자기소개 및 지원 동기,"
""3D 그래픽 직무에 대한 열정"" 평소 유튜브와 인스타그램 등 다양한 미디어 매체를 통해 그래픽 콘텐츠를 접하며, 3D 그래픽 분야에 흥미를 느끼게 되었습니다. 학부 시절, 3D 모션 그래픽 수업을 통해 Cinema 4D 외에도 일러스트레이터, 포토샵, 애프터이펙트 등 다양한 그래픽 프로그램의 사용이 가능하며, 슈피겐코리아의 모델링 직무가 제가 추구하는 방향성과 맞는다고 생각하였습니다. 저는 3D 영상 전시 경험과 직무 관련 인턴 등의 다양한 사회 경험이 있으며, 이러한 경력을 통해 직무를 수행할 때에도 역량을 발휘할 것이라고 생각합니다.아쉬운점 1  ""'일상'의 소재를 '그래픽'으로 표현하다"" 표현의 영역이 넓고 자유로운 3D 그래픽 이미지를 통해, 일상의 소재를 새롭게 표현하고 싶습니다. 직무를 수행하며, 창의적이고 개성 있는 3D 디자인 콘텐츠를 제작하고 싶습니다. 저는 평소 일상에 대한 애정을 바탕으로, 일상의 사물을 관찰하는 습관을 지니고 있습니다. 아름다움은 거창한 것이 아닌, 주변 일상적인 소재에 항상 존재한다고 생각합니다. 사물에 대한 관찰력과 형태력을 바탕으로, 높은 완성도의 3D 그래픽 결과물을 제작하여 성과 창출에 기여하고 싶습니다.아쉬운점 2  
"
(주)슈피겐코리아,2020년 하반기,신입,그래픽디자이너,"직무 관련, 본인의 주요 성과 및 과정","
""연구하고 발전하여 결과로 증명하다"" 저는 스스로 작업에 몰두하고 집중하여 성과를 내는 능력이 있다고 생각합니다. 학부 전공 수업 중 '3D그래픽스'라는 수업을 수강하였는데, Cinema 4D 프로그램을 배우는 수업이었습니다. 처음 배우는 프로그램이었기 때문에 학기 초에 프로그램을 익히는 데에 어려움이 있었습니다. 하지만 수업이 진행되면서 스스로 부족하다고 생각되는 부분에 대해서는 관련 서적과 유튜브 등을 통해 공부하며 과제를 진행하였고, 이러한 노력의 결과로 최종 성적에서 높은 성과를 거둘 수 있었습니다. 저는 이렇게 주도적인 학습을 통해 스스로 연구하고 개발하여 완성도가 높은 3D 그래픽 영상을 만들어 내는 능력이 저의 강점이라고 생각합니다.아쉬운점 1  
"
(주)그린웹서비스,2020년 하반기,신입,그래픽디자이너,자기소개 및 지원 동기,"
""모션 그래픽 디자인 직무에 대한 열정"" 유튜브와 인스타그램 등 다양한 미디어 매체를 통해 영상 콘텐츠를 접하며, 모션 그래픽 디자인 분야에 흥미를 느끼게 되었습니다. 학부 시절, 높은 디자인 역량을 갖추기 위해 일러스트레이션, 모션 디자인 스튜디오, 3D 그래픽스 등 다양한 그래픽 및 영상 분야의 수업을 이수하였습니다. 아쉬운점 1저는 일러스트레이터, 포토샵, 애프터 이펙트와 Cinema 4D 등 다양한 그래픽 프로그램의 사용이 가능하며, 그린웹서비스의 직무가 제가 추구하는 방향과 맞는다고 생각하였습니다. 직무를 수행하며, 모션 그래픽 디자이너로서 성장하고 싶습니다.아쉬운점 2  
"
(주)그린웹서비스,2020년 하반기,신입,그래픽디자이너,"지원 직무 관련, 본인의 주요 성과 및 과정","
""모션 그래픽 실무 경력을 통한 높은 직무 역량"" 아트팀 인턴으로 근무하며, 광고 영상의 후반 2D 모션그래픽 및 자막 디자인 업무를 담당하였습니다. 아쉬운점 1애프터 이펙트를 사용하여 영상에 모션 그래픽 요소를 추가하여 완성된 영상으로 제작하였습니다. 또한, 포토샵과 일러스트레이터를 사용하여 영상의 그래픽 소스를 제작하기도 하였습니다. 타이포그래피에 대한 이해를 바탕으로, 가독성이 좋은 폰트를 사용하고 색상을 통일함으로써 높은 완성도의 영상을 제작하기 위해 노력하였습니다. 저는 이러한 모션 그래픽 실무 경력을 통해 높은 직무 역량을 가지고 있다고 생각합니다.아쉬운점 2  
"
(주)문화방송,2021년 상반기,신입,그래픽디자이너,지원 동기,"
""모션 그래픽 디자인 직무에 대한 열정"" 평소 유튜브와 인스타그램 등 미디어 매체를 통해 다양한 영상 콘텐츠를 접하며, 모션 그래픽 분야에 흥미를 느끼게 되었습니다. 학부 시절, 높은 디자인 역량을 갖추기 위해 디자인 기초부터 타이포, 모션디자인스튜디오, 3D그래픽스 등 다양한 그래픽 및 영상 분야의 수업을 이수하였습니다. 저는 일러스트레이터, 포토샵, 애프터이펙트와 Cinema 4D 등 다양한 그래픽 프로그램의 사용이 가능하며, MBC의 모션 그래픽 디자인 직무가 제가 추구하는 방향과 맞다고 생각하였습니다. MBC에서 직무를 수행하며, 모션 디자이너로써 성장하고 싶습니다.아쉬운점 1  
"
(주)문화방송,2021년 상반기,신입,그래픽디자이너,경험 및 경력사항,"
""영상 디자인 실무 경력을 통한 높은 직무 역량"" 아트팀 인턴으로 근무하며, 광고 영상의 후반 2D 모션 그래픽 및 자막 디자인 업무를 수행하였습니다.아쉬운점 1 애프터 이펙트를 사용하여 영상에 모션 그래픽 요소를 추가하여 완성된 영상으로 제작하였습니다. 또한, 포토샵과 일러스트레이터를 사용하여 그래픽 디자인 소스를 제작하는 업무를 담당하기도 하였습니다. 타이포그래피에 대한 이해를 바탕으로, 가독성이 좋은 폰트를 사용하고 색상을 통일함으로써 감각적이고 완성도 높은 영상을 제작하기 위해 노력하였습니다. 저는 이러한 영상 및 모션 그래픽 실무 경력을 통해 높은 직무 역량을 가지고 있다고 생각합니다. MBC의 모션 디자인 직무 수행에 있어서도 디자인 역량을 발휘할 수 있을 것이라 생각합니다.아쉬운점 2  
"
(주)문화방송,2021년 상반기,신입,제품디자이너,지원 동기,"
""영상 디자인 직무에 대한 열정"" 평소 방송, 유튜브, 인스타그램 등 다양한 미디어 매체를 통해 영상 콘텐츠를 접하며, 영상 디자인 분야에 흥미를 느끼게 되었습니다. 학부 시절, 높은 디자인 역량을 갖추기 위해 타이포그래피, 모션 디자인 스튜디오, 3D 그래픽스 등 다양한 그래픽 및 영상 분야의 수업을 이수하였습니다. 저는 일러스트레이터, 포토샵, 애프터 이펙트와 Cinema 4D 등 다양한 그래픽 프로그램의 사용이 가능하며, MBC의 뉴스그래픽 디자인 직무가 제가 추구하는 방향과 맞는다고 생각하였습니다. MBC에서 직무를 수행하며, 영상 디자이너로서 성장하고 싶습니다.아쉬운점 1  
"
(주)문화방송,2021년 상반기,신입,제품디자이너,경험 및 경력 사항,"
""영상 디자인 실무 경력을 통한 높은 직무 역량"" 아트팀 인턴으로 근무하며, 광고 영상의 후반 2D 모션 그래픽 및 자막 디자인 업무를 수행하였습니다. 아쉬운점 1애프터 이펙트를 사용하여 영상에 모션 그래픽 요소를 추가하여 완성된 영상으로 제작하였습니다. 또한, 포토샵과 일러스트레이터를 사용하여 그래픽 디자인 소스를 제작하는 업무를 담당하기도 하였습니다. 타이포그래피에 대한 이해를 바탕으로, 가독성이 좋은 폰트를 사용하고 색상을 통일함으로써 트렌디한 영상을 제작하기 위해 노력하였습니다. 저는 이러한 영상 및 모션 그래픽 실무 경력을 통해 높은 직무 역량을 가지고 있다고 생각합니다. MBC의 뉴스그래픽 직무 수행에 있어서도 디자인 역량을 발휘할 수 있을 것이라 생각합니다.아쉬운점 2  
"
스노우,2021년 상반기,신입,그래픽디자이너,스노우에 지원하게 된 동기를 설명해 주세요,"
스노우 어플을 사용하며 어플의 다양한 그래픽 콘텐츠에 매력을 느끼게 되었습니다. 직무를 수행하며, 유쾌하고 완성도 높은 그래픽 콘텐츠를 제작하여 성과 창출에 기여하고 싶습니다.아쉬운점 1 저는 관련 실무 경력을 통해, 디자인 역량을 쌓기 위해 꾸준히 노력해왔습니다. 아트팀 인턴으로 근무하며, 광고 및 유튜브 영상의 후반 모션 그래픽 및 자막 디자인 업무를 수행하였습니다. 포토샵과 일러스트레이터를 사용하여 그래픽 디자인 소스를 제작하였으며, 애프터 이펙트를 사용하여 모션 그래픽 요소를 추가하여 완성된 영상으로 제작하였습니다. 타이포그래피에 대한 이해를 바탕으로, 가독성이 좋은 폰트를 사용하고 색상을 통일함으로써 완성도 높은 결과물을 제작하기 위해 노력하였습니다. 저는 이러한 그래픽 및 모션 디자인 실무 경력을 통해 높은 직무 역량을 가지고 있다고 생각합니다.아쉬운점 2  
"
스노우,2021년 상반기,신입,그래픽디자이너,디자이너로서 자신의 미래를 예상한다면 어떤 모습일지 자유롭게 말씀해주세요,"
평소 방송, 유튜브, 인스타그램 등 다양한 미디어 매체를 통해 그래픽 콘텐츠를 접하며, 그래픽 디자인 분야에 흥미를 느끼게 되었습니다. 학부 시절, 높은 디자인 역량을 갖추기 위해 일러스트레이션, 앱 디자인, 3D 그래픽스 등 다양한 그래픽 및 영상 분야의 수업을 이수하였습니다. 저는 일러스트레이터, 포토샵, 애프터 이펙트와 Cinema 4D 등 다양한 그래픽 프로그램의 사용이 가능하며, 스노우의 디자인 직무가 제가 추구하는 방향과 맞는다고 생각하였습니다. 스노우에서 직무를 수행하며, 그래픽 디자이너로서 성장하고 싶습니다.아쉬운점 1  
"
스노우,2021년 상반기,인턴,그래픽디자이너,스노우에 지원하게 된 동기를 설명해 주세요.,"
""그래픽 직무에 대한 열정"" 스노우 어플을 사용하며 어플의 다양한 모션 그래픽 콘텐츠에 매력을 느끼게 되었습니다. 직무를 수행하며, 유쾌하고 완성도 높은 그래픽 콘텐츠를 제작하여 성과 창출에 기여하고 싶습니다. 아쉬운점 1저는 관련 실무 경력을 통해, 직무 역량을 쌓기 위해 꾸준히 노력해왔습니다. 아트팀 인턴으로 근무하며, 광고 및 유튜브 영상의 후반 모션 그래픽 및 자막 디자인 업무를 수행하였습니다. 애프터 이펙트를 사용하여 모션 그래픽 요소를 추가하여 완성된 영상으로 제작하였으며, 포토샵과 일러스트레이터를 사용하여 그래픽 디자인 소스를 제작하는 업무를 담당하기도 하였습니다. 타이포그래피에 대한 이해를 바탕으로, 가독성이 좋은 폰트를 사용하고 색상을 통일함으로써 완성도 높은 영상을 제작하기 위해 노력하였습니다. 저는 이러한 모션 그래픽 디자인 실무 경력을 통해 높은 직무 역량을 가지고 있다고 생각합니다.아쉬운점 2  
"
스노우,2021년 상반기,인턴,그래픽디자이너,디자이너로 일하게 된다면 일하고 싶은 분야와 이유를 적어주세요.,"
""2D와 3D를 아우르는 제너럴 그래픽 디자이너"" 2D뿐만 아니라 3D를 포함하는 넓은 영역의 그래픽 디자인 콘텐츠를 제작하여 개성을 표현하고 싶습니다. 2D와 3D를 아우르는 제너럴 모션그래픽 디자이너로서, 풀 모션 그래픽 콘텐츠를 제작하고 싶습니다. 저는 평소 일상에 대한 애정을 바탕으로, 일상의 소재를 관찰하는 습관을 지니고 있습니다. 아름다움은 거창한 것이 아닌 주변 일상적인 소재에 항상 존재한다고 생각합니다. 이러한 아름다움에 대한 철학을 바탕으로, 일상의 소재를 유쾌하고 창의적인 영상 콘텐츠로 표현하고 싶습니다. 스노우에서 직무를 수행하며, 창의적이고 새로운 그래픽 콘텐츠를 제작하여 성과 창출에 기여하고 싶습니다. 아쉬운점 1  
"
CJ제일제당(주),2019년 상반기,인턴,제품디자이너,지원 직무에 관심을 갖게 된 계기 ,"
인턴으로 패키지 디자인 업무를 수행하며 패키지를 디자인하는 것에 자부심을 느꼈습니다. 신제품 패키지 디자인을 담당하여, 많은 커뮤니케이션을 거쳐 새로운 용기에 맞는 그래픽을 제작하는 업무를 수행하였습니다. 많은 시안을 제작한 후 최종 디자인을 매장에서 보았을 때의 성취감은 이루 말할 수 없었습니다. 첫인상을 담당하는 패키지를 디자인하는 것에 자부심을 느끼며 중요성에 맞는 책임감을 느껴야 할 직무라고 생각하게 되었습니다. 아쉬운점 1  
"
CJ제일제당(주),2019년 상반기,인턴,제품디자이너,입사후. 성장목표를 반드시 포함하여 구체적으로 작성,"
CJ제일제당의 패키지 디자인 인턴에서 시작하여 패키징 분야의 인정받는 CJ제일제당의 디자이너로 입사하고 싶습니다. 입사 후에도 디자인 교육과 세미나에 참여하며 역량을 강화하고, 식품 관련 박람회에 참여하여 자료를 수집 및 공유하며 포장산업의 트렌드를 분석하여 포장의 차별화를 만드는데 이바지하겠습니다. 또한, 국내 외 디자인 어워드에서 수상하여 CJ제일제당의 포장 경쟁력을 더욱 강화하고 널리 알리는데 기여하고 함께 성장하고 싶습니다. 아쉬운점 1   
"
CJ제일제당(주),2019년 상반기,인턴,제품디자이너,"지원직무 수행 시  (1) 필요하다고 생각하는 역량 세가지를 중요도 순으로 작성해주세요. (2) 해당 역량과 관련하여 본인이 지원 직무를 잘 수행할 수 있는 이유를 구체적으로 작성해주세요. (본인의 강점, 가치관, 관련 경험에 근거)","
CJ제일제당의 패키지 디자인 직무를 수행하기 위해서는 트렌드 리딩, 원활한 커뮤니케이션, 패키지 지기 구조에 대한 이해가 필수 역량이라고 생각합니다. 첫 번째, 트렌드를 누구보다 빠르게 읽고 적용할 수 있어야 합니다. 학부 시절부터 다양한 분야의 박람회를 자주 참여하며 트렌드를 파악하고 부스에서 판매하는 아르바이트를 통해 소비자들과 소통하며 니즈를 읽기 위해 노력하였습니다.  두 번째, 열린 마음으로 협력하는 개방성을 가지고 원활한 커뮤니케이션을 할 수 있어야 합니다. 디자인 업무는 타부서, 업체와의 협업이 절대적으로 필요한 업무입니다. 인턴으로 근무하며 협력업체와 콘셉트를 상의하고 피드백을 전달하는 데 필요한 빠르고 정확한 커뮤니케이션을 통해 모든 일정에 맞춰 디자인을 제작할 수 있었습니다. 아쉬운점 1  세 번째, 지기 구조와 용기 대한 이해가 필수 역량이라고 생각합니다. 패키지는 평면이 아닌 입체적으로 보았을 때 소비자들에게 어떻게 보이는지가 중요합니다. 용기와 패키지의 스타일링과 안전성을 함께 고려하여야 한다고 생각합니다. 저는 3d모델링, 실물 목업을 통한 공간 비율, 마감, 지기 구조에 대한 이해가 되어있습니다. 또한, 포토샵, 일러스트, 인디자인 외에도 라이노, 키샷, 캐드 툴을 능숙하게 다룰 수 있어 그래픽 외의 3D 모델링 업무를 수행할 수 있습니다.좋은점 1  
"
CJ제일제당(주),2019년 상반기,인턴,제품디자이너,"cj제일제당의 제품 및 서비스 중 가장 선호하는 것을 1개 선정하고, 타사 유사 제품 및 서비스 대비 강점 및 보완점을 작성해 주세요.","
제가 가장 선호하는 제품은 ‘OOO OOOO’입니다.프리미엄 이미지를 가진 패키지가 강점이라고 생각합니다. 평소 외부에서 자주 먹게 되는데 젤리는 불량 식품이나 아이들이 먹는 식품이라는 이미지가 강했습니다. 그래서 외부에서 젤리를 먹게 될 때는 민망한 기분이 들었던 경험이 있었습니다. 하지만 ‘OOO OOOO’는 원색을 사용하지 않고 깔끔한 타이포와 과일을 메인으로 강조한 패키지가 아이들이 먹는 간식이 아닌 고급스러운 과일 식품을 연상시킵니다. 그래서 어른들을 위한 디저트 식품이란 강점을 가지며 소비자를 향한 패키징의 배려라고 느꼈습니다.좋은점 1 내부가 지퍼백 포장으로 보완하면 좋을 것 같습니다. 많은 사람이 젤리를 여러 번 나눠 먹기 때문이기도 하고, 구미젤리가 타사보다 과일 향이 강한 편인 것 같아 개봉한 채로 보관하게 되면 향이 강하게 났습니다. 그래서 입구를 접어서 보관해야 했는데, 내부가 지퍼백 형태로 밀봉할 수 있게 보완하면 좋을 것 같습니다.좋은점 2  
"
(주)클리오,2020년 상반기,인턴,제품디자이너,지원동기,"
화장품과 뷰티 산업에 대한 관심이 많아, 코스메틱 분야의 디자이너가 되는 것이 목표였습니다. 디자인을 전공하여 디자인 지식과 감각을 키우며, 휴학 기간, 아르바이트를 통해 디자인 출시를 하여 실무경험을 쌓았습니다. 졸업 후에는 화장품 기업에서 인턴 경험을 쌓으며 뷰티 업계에서 디자인 역량과 경험을 키우고자 노력하였습니다. 평소 관심이 많은 코스메틱 분야의 디자인 업무라서 즐겁고 열정적으로 임할 수 있었습니다. 좋은점 1  디자인 업무를 수행하면서 고객과의 커뮤니케이션으로서 디자인하는 것에 책임감을 느꼈습니다. 매대 위에 수많은 제품 속에서 손길을 끌게 할 수 있는, 첫인상인 디자인을 담당하는 것에 자부심을 느끼며 그 중요성에 맞는 책임감을 느껴야 할 직무라고 생각하였습니다. 이러한 역량과 경험을 바탕으로 클리오의 디자인 인턴으로 적극적이고 성실한 태도로 임하고 싶어 지원하였습니다.아쉬운점 1  
"
(주)클리오,2020년 상반기,인턴,제품디자이너,핵심 역량,"
첫 번째, 효과적으로 고객에게 어필할 수 있는 디자인을 위해서 트렌드를 빠르게 읽고 적용할 수 있어야 합니다. 시장과 트렌드를 파악하여 인사이트를 도출하는 역량을 인턴 경험을 통해 발전시켰습니다. 화장품 기업의 인턴으로 근무하며 패키지 디자인을 수행하며 디자인 실무역량을 함양하였습니다. 업계의 빠른 트렌드 변화를 조사하고 이를 반영한 패키지 디자인 업무를 수행하며 실무 역량을 함양하였습니다.아쉬운점 1 두 번째, 학부에서 디자인을 전공하며 기획부터 디자인 툴을 포함한 디자인 프로세스를 익혔습니다. 전문역량을 강화하고자 포토샵, 일러스트, 인디자인 외에도 라이노, 키샷 툴을 능숙하게 다룰 수 있어 다양한 디자인 업무를 동시에 수행할 수 있습니다. 이러한 역량은 라이프스타일 트렌드를 리드하는 클리오의 디자인 차별화에 이바지할 수 있다고 생각하여 지원했습니다.좋은점 1  
"
(주)클리오,2020년 상반기,인턴,제품디자이너,입사 후 포부,"
입사 후, 소비자의 라이프스타일을 고려한 실용적인 제품, 트렌드를 놓치지 않는 세련된 디자인을 통해 디자인 경쟁력을 만들겠습니다.  인턴을 하며 코스메틱 제품을 리뉴얼하는 업무를 담당한 경험이 있습니다. 기존 제품과 차별화된 경쟁력을 위해 심리적인 면을 고려해 고급스러운 이미지를 전달하는 컬러를 사용하고, 제품 외관에 전체적으로 곡선을 적용하여 사용성을 높였습니다.  입사 후에도 안전성과 스타일링 두 가지를 모두 고려한 디자인 솔루션을 통해 디자인 경쟁력을 만들어 내겠습니다. 또한, 상품 기획 단계부터 시장의 변화와 고객의 니즈를 철저히 수집하고 분석해 디자인을 개발함으로써 고객을 위한 가치창출에 매진하겠습니다.아쉬운점 1  
"
㈜에치와이 ,2020년 상반기,인턴,제품디자이너,한국야쿠르트의 어떠한 점에 이끌려 지원하게 됐는지 그 이유를 2가지 이상 작성하여 주시기 바랍니다.,"
첫 번째, 고객을 배려하는 디자인과 직관적 전달력입니다. 차별화된 컨셉부터 모든 요소를 일관된 아이덴티티로 전달하는 한국야쿠르트의 제품은 제가 디자이너로서 추구하는 방향성과 같다고 생각하여 망설임 없이 지원했습니다. 다양한 제품이 쏟아지는 식품 업계에서는 쉽고 오래 기억될 수 있는 컨셉과 일관된 언어로 이끌고 가는 디자인의 역할이 중요하다고 생각합니다. 한국야쿠르트는 ‘야쿠르트D20’ 캐릭터를 통한 친근한 접근, 사람들의 습관에서 착안하여 사고를 바꾼 ‘얼려 먹는 야쿠르트’ 용기, 이중캡을 통해 편의성을 높인 ‘쿠퍼스 프리미엄’, 텀블러 형태를 통해 직관성과 휴대성을 강화한 ‘콜드브루’ 패키지 등에서 신선한 시도로 차별화를 주었다고 생각했습니다.이러한 차별화는 한국야쿠르트가 고객을 생각하는 배려에서 출발했다고 생각합니다. 이를 통해 디자인은 고객을 위한 섬세한 배려라는 배움을 얻을 수 있었고, 저의 디자인 가치관에 영향을 끼쳤습니다.좋은점 1  두 번째, 소통을 통해 시너지를 내어 성장하는 기업이기 때문입니다. 한국야쿠르트는 프레시 매니저를 통한 따뜻하고 친근한 소통을 시작으로 하이프레시 몰을 이용한 O2O 서비스까지 더욱 편리한 방법으로 소통하고 있습니다. 소비자와 시장 상황에 귀 기울여 신제품을 개발하고, 다양하게 확장하는 한국야쿠르트는 저에게 깊은 감명을 주었습니다. 이러한 한국야쿠르트의 원동력은 소통을 통해 변화를 만들고 이 과정에서 시너지를 냈기 때문이라고 생각합니다. 아르바이트를 통해, 다양한 사람들을 만나며 새로운 분야의 지식을 얻게 된 경험이 있습니다. 또한, 다양한 분야의 트렌드를 알게 되었고 디자인 업무에 시너지를 낼 수 있었습니다. 이 경험을 통해 소통을 통한 시너지의 중요성을 알게 되었고, 그 후에도 끊임없이 배우는 자세로 귀 기울이기 위해 노력하고 있습니다. 소통을 바탕으로 성장을 이루어 내는 것이 한국야쿠르트와 저의 공통점이라고 생각하여, 기업의 성장과 함께 저 스스로도 성장시킬 수 있다고 확신하여 지원했습니다.좋은점 2  
"
㈜에치와이 ,2020년 상반기,인턴,제품디자이너,"본인 외에 다른 사람들과의 협업 과정을 통해서 과제 또는 결과물들을 도출했던 경험이 있다면, 그 과정들을 통해서 느낀점이나 다른 사람들과의 협업을 통해서 결과물을 이뤘던 것들을 작성하여 주시기 바랍니다.","
인턴으로 근무하며 외부 업체와 협업하여 콘텐츠를 제작한 경험이 있습니다. 이러한 협업 과정에서 구성원 모두의 이해를 바탕으로 협업이 이루어져야 한다고 생각했습니다. 그래서 해당 업무를 담당하여, 모든 직원들이 모두 이해할 수 있는 프로젝트 관련 자료를 직접 만들어 활용하고 공유했습니다. 관련된 용어를 이해하지 못하여도 누구나 이해할 수 있는 쉬운 이미지와 용어를 이용해 제작했고, 이를 통해 컨셉에 대한 아이디어를 공유했습니다. 그 결과 구체적인 커뮤니케이션이 가능했고 모두 만족할 수 있는 콘텐츠 등을 제작할 수 있었습니다. 이 경험을 통해 긴밀한 협업 과정의 중요성을 알게 되었고, 효율적 커뮤니케이션 스킬을 배양할 수 있었습니다. 아쉬운점 1  
"
㈜에치와이 ,2020년 상반기,인턴,제품디자이너,"제품, 전략, 판매 채널(제품주문)등 당사 사업 영역과 관련하여 지원자께서 생각하는 발전방향을 제시하고, 그 방향 속에서 지원자께서 할 수 있는 역할이 무엇인지 기술해 주시기 바랍니다.","
제품의 구매부터 폐기까지 소비자가 경험하는 모든 과정에서 신선한 가치를 경험할 수 있어야 한다고 생각합니다. 비닐 라벨대신 제품의 아이덴티티를 표현할 수 있는 형태의 개발, 접착제 없이 포장될 수 있는 구조, 페이퍼 보틀 등 친환경 패키지를 통해 소비자의 편리성을 도모하고 경쟁력을 강화할 수 있을 것이라 생각합니다. 또한, 전 세계적인 친환경 트렌드에 발맞추어 환경과 건강 지속가능성을 중시하는 브랜드 가치를 전달할 수 있기 때문입니다. 이러한 변화는 고객들에게 신선한 이미지를 줄 수 있을 것 입니다. 아쉬운점 1  이를 위해, 마켓 리서치를 통한 ‘트렌드 리딩’ 역할을 수행할 것입니다. 식품 산업은 빠르게 변하는 시대 흐름과 고객의 다양한 니즈에 잘 대응해야하기 때문에, 트렌드를 빠르게 리딩하고 이를 시각적으로 반영할 수 있는 역량이 중요하다고 생각합니다. 국내외시장, 트렌드 리딩 역할을 집중적으로 수행하여 한국야쿠르트의 신선한 가치를 효과적으로 전달할 수 있는 친환경 패키지를 개발하겠습니다.아쉬운점 2  
"
㈜위대한상상 ,2020년 상반기,인턴,그래픽디자이너,지원분야 업무를 위해 준비한 내용/전문지식,"
""디자인으로 소통합니다"" 디자이너는 기업이 서비스나 제품을 통해 고객에게 말하고자 하는 바를 효과적으로 전달하여, 고객과 기업 사이에서 성공적인 커뮤니케이션을 이뤄낼 수 있어야 합니다. 따라서 뛰어난 디자이너에게는 빠르게 변하는 흐름을 파악하며 전략적으로 접근할 수 있는 뛰어난 기획력과 그것을 알맞게 시각화시킬 디자인 능력이 요구된다고 생각합니다.아쉬운점 1  전문적 디자이너의 자질을 갖추기 위해 전문 디자인이론을 익히고, 다양한 강의를 통해 폭넓은 프로젝트를 경험하였습니다. 광고 디자인 강의를 통해 기업분석, 브리프 작성 등의 기획 단계부터, 포토샵과 일러스트레이터를 이용한 그래픽 디자인까지 순차적으로 경험하며 전체적인 디자인 프로세스에 대해 이해하고 기획력과 추진력을 기를 수 있었습니다. 교환학생으로서 미국 OO대학교에서 전공강의를 수강하며 다양한 문화 속 현지 학생들과 팀 프로젝트를 진행하였고, 이를 통해 영어 소통 및 글로벌 팀워크 능력을 향상시켰습니다. 그 후 국내 유통회사에서 인턴으로 근무하며 디자인 콘셉트 도출부터, 웹사이트 운영과 어플리케이션 그래픽 디자인 작업을 하였고, 그에 대한 고객의 피드백을 바탕으로 디자인을 개선하며 실무 경험과 감각을 익혔습니다.아쉬운점 2 그리고 지금, 준비된 디자인 능력과 열정을 바탕으로 딜리버리 히어로 코리아 요기요에서 디자인을 통한 고객감동과 회사 내부 커뮤니케이션의 활성화를 위해 달려가고 싶습니다.                         
"
㈜위대한상상 ,2020년 상반기,인턴,그래픽디자이너,성장과정,"
""도전하라! 그리고 노력하라"" '성공의 반대는 실패가 아닌 도전하지 않는 것이다.' 이 문장은 제가 벽에 부딪혀 힘들고 실패의 두려움에 넘어질 때마다 다시 한 번 일어나 도전할 힘을 심어줍니다. 어린 시절 저는 항상 “그림을 잘 그리는 아이”로 불렸고, 주위의 칭찬 속에서 점점 더 미술에 흥미를 느꼈습니다. 그러나 시간은 흘러, 예술 고등학교 진학을 위해 등록한 입시 미술 학원에서 나름대로 자부심을 품고 있던 저는 좌절을 느꼈습니다. 학원은 뛰어난 실력을 갖춘 학생들로 가득 차있었고, 며칠 동안 그 속에서 눈앞의 석고상을 그려보려 노력했지만, 주위 친구들을 따라잡기에는 역부족이었습니다. 그때 옆자리 친구가 과거에 그린 그림이라며 종이 한 장을 펼쳤고, 저는 놀라움으로 할 말을 잃었습니다. 뛰어난 실력의 친구가 그렸다고는 믿기 힘든 낮은 수준의 그림이었기 때문입니다. 친구의 격려에 저는 다시금 도전을 결심했습니다. 남들보다 일찍 학원에 도착해 더 늦게까지 남아 그림을 그렸고, 틈틈이 연습장에 스케치하며 형태를 정확히 표현하는 연습을 했습니다. 물론 기적처럼 하루아침에 그림 실력이 향상되지는 않았습니다. 그러나 노력이 쌓이며 원근법을 몰랐던 제가 공간감을 표현할 수 있게 되었고, 원기둥 모양 석고상도 그려내지 못했던 과거와는 달리 바구니 속 사과를 묘사하는 관찰력을 갖게 되었습니다. 마침내 입시 시험 당일, 떨리는 마음을 누르고 전력을 기울인 결과 00예술 고등학교 입시 시험에 합격하는 기쁨을 맞이할 수 있었습니다. 과거의 경험 속 저는 넘어지며 겸손을 배웠고, 다시 일어나 성장하며 성취하는 기쁨을 느꼈습니다. 문제에 봉착했을 때 그대로 주저앉았다면, 절망에서 일어서는 법을 배울 수 없었을 것이며, 포기하는 습관 속 저는 성장할 수 없었을 것입니다. 좋은점 1잠시 넘어질 수는 있어도 실패에 포기하지 않고 새롭게 도전하며 발전하는 자세로, 입사 후에도 팀원들과의 원활한 커뮤니케이션을 이뤄낼 것이며, 성공적인 팀워크 속 이루어낸 최상의 디자인을 통하여 딜리버리 히어로 코리아의 인재로 거듭나고 싶습니다.아쉬운점 1  
"
㈜위대한상상 ,2020년 상반기,인턴,그래픽디자이너,성격의 장단점,"
장점 ""발전을 향한 크리에이티브함"" 저는 분석적 크리에이티브함으로 문제를 해결하는 적극성을 가지고 있습니다. 아쉬운점 12018년 국내 스타트업 유통회사에서 인턴 디자이너로 근무하며, 웹용 플로팅 애드와 모바일 어플리케이션 그래픽 등 다양한 디자인 업무를 맡았습니다. 그러던 중, 디자인팀 회의에서 웹사이트 메인 배너 디자인 교체 필요성을 주장했습니다. 기존 배너는 제품 사진을 제외하고 가격과 기능 등 대부분의 상품 정보를 글로 전달하였고, 이처럼 설명적이며 특징 없는 아트워크로는 고객의 관심을 끌 수 없다고 판단했기 때문입니다. 주장에 동의를 얻어, 전적으로 디자인을 맡아 기획하기 시작했습니다. 짧은 순간 고객의 눈을 사로잡기 위해 GIF 방식을 통해 배너의 그래픽을 애니메이션화 시켰고, 글로 서술하던 정보는 픽토그램과 다이어그램을 통해 시각화시켰습니다. 아쉬운점 2디자인 반영 후, 해당 제품의 매출이 약 20% 증가하였고, 회사 내에서 전문디자이너로서 더욱 인정받을 수 있었습니다. 크리에이티브한 아이디어로 발전하는 자세는 전문 디자이너에게 꼭 맞는 장점이라고 생각합니다.    아쉬운점 3 ""맡은 바, 소임을 다하는 책임감"" 예상 밖 어려움 속에서도, 추진력과 책임감으로 최고의 결과를  학부 시절 서양 미술사 강의에서 팀 발표를 위해 PPT를 디자인하였습니다. 아쉬운점 425p분량 중 약 5p 정도를 진행했을 때, 노트북이 오류와 함께 작동하지 않았습니다. 다가오는 팀 발표를 앞두고 빠른 대안을 찾아야 실행해야 했기에, PC방에서 발표 자료를 디자인하기로 결정했습니다. 낯선 작업 환경과 산만한 분위기 속 작업에 집중하기는 쉽지 않았지만, 맡은바 소임을 끝까지 다하고자 노력했습니다. 정보 전달력 향상을 위해, 다양한 심볼과 다이어그램을 활용하여 정보를 그래픽화 했습니다. 또한, 미니멀한 그리드와 모노톤의 색배치를 이용하여, 보는 이가 발표 대상인 회화 작품에 집중할 수 있도록 디자인했습니다. 강의 후 매일같이 PC방에서 PPT제작에 힘쓴 결과, 약속한 기간 내에 디자인을 완성할 수 있었습니다. 아쉬운점 5발표 후, 교수님께서는 A+라는 성적과 함께 깔끔하게 정돈된 완성도 높은 카드뉴스라는 평을 남겨주셨습니다. 갑작스런 문제 상황 속 당황할 수는 있지만, 중요한 것은 빠르게 해결 방법을 모색하는 순발력이라고 생각합니다. 이와 더불어, 맡은바 역할을 기필코 해내는 저의 책임감은 팀 프로젝트에서 역량을 발휘해야 할 디자이너로서 큰 장점이라고 생각합니다.아쉬운점 6   단점 ""A or B?"" 저는 결정을 할 때 지나치게 여러 가지를 고려하는 경향 때문에, 빠른 결정을 내리는 것에 어려움을 느낍니다. 이러한 우유부단함은 디자인 작업을 할 때도 적용되어 이따금 문제를 일으키곤 합니다. 학부 3학년 광고 디자인 수업에서, 전자제품 생산 기업인 OOO의 led 전구의 디지털 광고를 기획 및 제작하였습니다. OOO led전구의 경제성과 친환경성에 초점을 맞춰 디자인을 전개하였고, 중간 개발 과정에서 그중 하나를 선택 후 집중하여 발전시켜야 했습니다. 하지만 끝끝내 둘 중 하나를 결정하지 못했고, 애매한 방향성 속 분산된 에너지와 한정된 시간 속 완성도 높은 디자인 결과물을 만들어내지 못했습니다. 교수님께서도 아쉬움을 표현하셨고, 저 또한 좋지 못한 성적 때문에 많은 후회를 해야 했습니다. 아쉬운점 7이후 결단력을 기르기 위해 우선순위를 정하는 등의 노력을 했지만, 여전히 결정을 내리기 힘든 상황을 만나곤 합니다. 그럴 때 제가 추구하는 개선 방법은 바로 커뮤니케이션을 통한 선택입니다. 팀원 혹은 주변 사람 중 누군가는 분명 제가 결정하지 못한 것에 대해 더욱 객관적으로 판단하여 저에게 큰 도움을 줄 수 있을 것입니다. 저 또한 혼자서 고민하고 시간과 에너지를 낭비하는 것보다는, 적극 소통하며 도움을 받고 또 그들에게 제가 필요할 때 도움을 줄 수 있도록 노력하는 것이 훨씬 효율적이며 성공적인 디자인을 탄생시키는 방법이라고 생각합니다.아쉬운점 8  
"
㈜위대한상상 ,2020년 상반기,인턴,그래픽디자이너,지원 동기 및 포부,"
""소통 그리고 디자인"" 디자이너와 예술가의 다른 점은 무엇일까요? 예술가는 예술 행위 자체를 목적으로 하지만, 디자이너는 고객과의 소통을 목적으로 합니다. 그 때문에 전문 디자이너는 단순히 멋지고 화려한 그래픽으로 화면을 가득 채우는 것이 아니라 고객의 관점에서 생각하며, 동시에 기업의 편에서 고객을 설득할 수 있어야 합니다. 저의 목표는 고객과 성공적 소통의 도구로 디자인을 제시하고, 궁극적으로 긍정적 브랜드 이미지를 생성하는 것 입니다. 저의 목표를 위하여 브랜딩 디자인 수업을 통해 트랜드 분석, 시장변화 관찰 등의 정량적 디자인 씽킹 과정을 훈련하였고, 영상 디자인 강의를 통해 기획부터 프로그램을 통한 시각화까지, 단계적 진행을 통해 전반적 디자인 프로세스에 대해 이해하였습니다. 이를 통해 기업이 고객에게 들려주고 싶은 이야기를 정확하게 파악하고, 그것을 효과적으로 고객에게 전달하는 것이 디자이너의 역할이라는 배울 수 있었습니다. 벽에 대고 외치는 것을 그 누구도 소통이라고 하지 않습니다. 고객의 소리에 귀 기울여 디자인을 통해 성공적으로 소통하는 것, 그것이 디자이너의 본분이자 가장 핵심 가치라고 생각합니다. 이제 막 사회를 향한 첫발을 내딛는 저는 미숙하며 부족합니다. 그러나 디자이너로서 성장하고 싶은 저의 의지만큼은 미숙하지 않기에, 이제 힘차게 딜리버리 히어로 코리아 요기요를한 첫발을 내딛고 싶습니다.아쉬운점 1  
"
한국교육방송공사,2017년 하반기,신입,그래픽디자이너,"입사지원서에 기술한 경험사항 또는 경력사항에 대해 상세히 기술해 주시기 바랍니다. - 직무관련 '경험'사항 기술은 본인이 수행한 활동내용, 소속 조직이나 활동에서의 역할, 활동결과에 대해 구체적으로 작성해 주시기 바랍니다. - 직무관련 '경력'사항 기술은 직무영역, 활동/경험/수행 내용, 본인의 역할 및 활동, 주요성과에 대해 구체적으로 작성해 주시기 바랍니다.   [1000자 이내]","
2017년 8월 21일부터 현재까지 OOOO이라는 광고 포스트프로덕션에서 인턴으로 근무중이고 11월 말에 퇴사 예정입니다.원래 팀 당 4인 체제로 돌아가는 회사인데 실장과 저 사이의 두 명이 퇴사를 하면서 저 혼자 실장님과 작업을 진행하고 있습니다.제 주 업무는 플레임을 이용한 로토스코핑과 스킨 클리닝, NTC교체 , 그리고 파일 관리와 팀의 스케쥴 관리를 합니다. 또한 실장님을 대신해서 PD들과 연락하며 애프터이펙트를 이용한 자막 삽입과 같은 보조적인 업무를 맡고 있습니다.세 달간 인턴으로 근무하면서 여러 프로젝트들에 참여했는데 주요 프로젝트들로는 자동칫솔 OO TVC, OOOOOOO TVC, OOOO타워 홍보영상, OOOOOOOO TVC, OOOOOOOO 화장품 TVC, OOOOO 바이럴, OOOOOOOO, OOO TVC 등이 있습니다.몇몇 프로젝트들은 무려 5일간 집에도 못가고 회사에서 자면서 작업을 할 정도로 힘든 프로젝트들이었습니다. 그렇게 정해진 기간 안에 프로젝트들을 성공적으로 마칠 수 있도록 도움을 주었습니다.좋은점 1  
"
한국교육방송공사,2017년 하반기,신입,그래픽디자이너,"EBS 입사 지원을 하게 된 동기는 무엇이며, EBS가 당신을 채용해야 하는 결정적 이유에 대하여 설명해주세요. * [1000자 이내]","
기계가 다루는 것이 좋았던 저는 일부러 공업고등학교로 진학했습니다, 하지만 그 곳의 교육은 제가 원하는 것들을 충족시키지 못하였습니다. 공업고등학교에서 대학진학이 보편적인 시각이 아녔음에도 저는 대학진학을 희망하였습니다. 전문계 고등학교가 갖고 있는 비약한 입시정보가 장애물로 다가왔지만, 저는 여러 방편으로 입시정보를 구하여 각고의 노력 끝에 공과대학으로 진학할 수 있게 되었습니다. 부푼 마음을 갖고 입학한 ‘신입생’의 신분이었던 저는 맞지 않는 옷을 입은 느낌이었고, ‘대학’이란 존재는 ‘취업학원’과 다르지 않게 느껴졌습니다. 그것은 제가 대학에 입학한 ‘본의’에 대한 의심을 할 수 있도록 했습니다. 그렇게 저는 대학에 대해서 필요성이 결여되어 휴학을 하게 되었고, 그 동안 제 자신에게 집중하며 진로탐색을 했습니다. 아쉬운점 1평소 SF영화를 즐겨봤던 저는 아이언맨이 개봉했을 당시를 떠올렸습니다. 화려한 CG를 보고 느꼈던 전율은 제게 전과를 결심하게 했습니다. 1년간의 준비와 일순간의 방황이 아니란 것을 스스로 입증한 뒤 디지털콘텐츠학과로 전과를 하게 되었습니다. 전과 후 전공수업을 수강하는 동안 많은 CG분야 중 합성분야가 특히 와 닿았고, Compositor로서의 전문성을 기르며 취직을 결심했습니다. 그 결과 현재 실무에서 인턴으로 재직중입니다. 제가 좋아서, 또 하고 싶었던 일들이기에 열심히 임했으나, 아무리 일이 좋아도 하루 평균 14시간이라는 과중한 업무시간은 너무도 가혹했습니다. 저는 딜레마에 빠지게 되었습니다. 아쉬운점 2그러다 지식채널e 등 호기심 많던 제 어린 시절의 지식 길잡이를, 지금도 저의 각종 지식 도우미를 도맡고 있는 프로그램들을 방영했던 EBS의 공채 소식을 접했고, 다방면으로 어떤 일을 하는지 알아보았습니다. 그러다 컴퓨터그래픽 부서의 Reel을 보았고, 제가 좋아하는 일을 하면서 제가 겪었던 것 처럼 저와 같은 어린 시절들과 사람들에게 도움이 될 수 있다면 좋겠다고 생각하며 지원을 결심하게 되었습니다.아쉬운점 3  
"
한국교육방송공사,2017년 하반기,신입,그래픽디자이너,"인생 전체를 통틀어 당신의 생각과 행동에 큰 변화를 불러일으킨 무엇인가(사람,사물,사건)를 밝히고, 변화의 이유와 과정 및 결과를 설명해주세요. * [1000자 이내]","
사실 저는 제 삶에 있어서 항상 큰 변화를 만들어내곤 합니다. 예를들면 어릴적 남들 다 다니는 학원을 끊고 공업고등학교를 자진입학 한다던지 공대에서 디자인으로 과를 바꾼다던지 하는 것들 말입니다. 제가 항상 이런 도전과 환경의 변화를 두려워하지 않게 된 배경에는 첫 번째로 항상 '너의 삶을 살아라' 라고 말씀하신 부모님이 계셨습니다. 그 덕분인지 저는 제 자신을 남들의 기대와 눈치에 맞추지 않고 어쩌면 평범하지 않고 순탄치만은 않았던 저만의 삶을 살아왔습니다.  저는 항상 특별한 존재라고 생각하며 지내왔습니다. 남들이 하는 대로, 흘러가는 대로 살아가길 원하지 않았고, 저만의 길을 개척하려면 오랜 자료조사와 수많은 시행착오를 겪어야 했습니다. 이러한 행동들은 누가 알려줄 수 있는 것도 아니었기 때문에 혼자서 해내곤 했습니다. 그것은 자연스럽게 제 스스로 무언가를 해낼 수 있는 능력이 길러지도록 도와주었습니다. 이러한 성격 탓에 가끔은 너무 '효율'에 치중하게 될 때도 있었습니다. 특히 지방에서 수도권 대학으로 진학을 하게 되면서 빨라진 일상에 적응하면서 '어떤 버스를 타야 5분이라도 더 일찍 갈 수 있는가'와 같이 효율에 더욱 집착하게 되었습니다. 이런 제 행동들은 점점 스트레스로 다가왔고 여기에 특별하게 살아야 한다는 생각까지 합쳐져 마음에 여유가 없어지게 만들고 있었습니다. 아쉬운점 1  그러던 어느 날, 법정스님의 무소유 정신을 접하게 됩니다. 그리곤 저는 너무 많은 것들을 가지려 했던 것을 알게 되었습니다. 어느 하나도 버릴 수 없었던 저였지만, 한 가지씩 버리게 되었으나 오히려 제가 중요시 여겼던 '효율'은 큰 차이가 없었습니다. 더욱 중요한 것에 집중할 수 있게 된 것입니다. 이 기간은 제가 군대를 다녀온 기간과도 비슷합니다. 무소유 정신이 군대를 겪는 일과 함께 합쳐지면서 '할 땐 하지만 여유를 부릴 줄도 아는' 지금의 제 성격에 많은 영향을 끼쳤습니다.아쉬운점 2  
"
한국교육방송공사,2017년 하반기,신입,그래픽디자이너,"지원 분야의 직무를 수행할 역량 강화 및 경험 축적을 위해 당신이 기울인 노력과 그 과정에서 느낀 성취 및 한계, 그리고 한계를 극복한 경험 또는 계획에 대하여 설명해주세요. * [1000자 이내]","
진로를 정하고 지금의 분야로 와서 고민을 하기 까지 정말 많은 일들을 겪었지만 진로를 정하고 나서 더욱 많은 고민을 하게 되었습니다. 영상분야로 전공을 바꾸기 위해서는 미적 감각이 필요했습니다. 공학도로만 지내왔던 제게 미적 감각과 미술의 기본기를 다지기 위해선 학원을 다니는 것이 적격이라 생각해 입시미술 학원을 다녔습니다. 하지만 그 곳에서 저는 개인의 특성을 살려주지 않고 기계처럼 학생들을 찍어낸다는 느낌을 받았습니다. 그리하여 화실로 옮겼고, 화실에서 조금은 진부하지만 그래도 나름 특색있는 제 스타일에 맞춰 감각을 발전시켜 나갈 수 있었습니다. 그 후로 전과에 성공하고 전공기초와 다른 전공 과목들을 들으면서 저는 VFX에 관심을 가지게 되었습니다. 하지만 과에서는 너무도 많은 분야를 가르치기 때문에 제가 원하는 분야만 발전시키기에는 역부족이었고 학원을 다니게 되었습니다. 아쉬운점 11년간 Composit 과정을 거치면서 제 머릿속에 있는 이미지들을 영상으로 구현해 내는데 도움을 줄 툴들을 익혔습니다. 이 과정에서 난관에 봉착할 때도 많았고 힘들지만 제 손으로 결과물을 만들어 낼 때마다 느낄 수 있었던 성취감이 저를 버틸 수 있게 해주었습니다. 올해 2분기가 끝나갈 즈음 포트폴리오도 완성이 되었습니다. 저는 하루라도 빨리 경력을 쌓고 싶어 마지막 학기에 취업계를 제출하고 몇 군데의 회사에 지원했습니다. 그렇게 현재 회사에 인턴으로 입사하게 되었습니다. 입사하고 보니 분야는 달랐지만 일은 제게 맞다 생각하며 열심히 일했습니다. 하지만 일을 할수록 섣불리 취업을 했다는 느낌을 지울 수 없었습니다. 거기다 5일간 집에 가지 못 하는 기간이 있을 정도로 고강도 업무를 하면서 Compositor의 업무에 매력을 느꼈던 제 자신은 없고 그저 일의 노예가 되어있다는 느낌을 받았습니다. 저는 '진정 이것이 나를 위한 일인가?' 하고 고민에 빠졌습니다. 저는 다시 한 번 힘든 길을 택하기로 하고 퇴사를 결심했습니다. 제 자신에게 또 한 번 도전하여 EBS에 입사할 것입니다. 저는 이번에도 제 자신에게 도전하여 EBS에 입사 할 것입니다.아쉬운점 2  
"
한국교육방송공사,2017년 하반기,신입,그래픽디자이너,"본인이 사용할 수 있는 그래픽 소프트웨어를 모두 기술하고, 각 소프트웨어의 활용도를 구체적(예를 들면 상,중,하)으로 설명해주세요. 그리고 본인의 포트폴리오 1개(이미지 또는 동영상)를 첨부해주세요. * [1000자 이내]","
누크 상 기본적인 기능들에 대해 숙지하고 있고 노드기반의 워크프로세스에 대한 높은 이해도를 바탕으로 각 노드의 특성에 따라 적재적소에 배치하여 원하는 바를 도출해낼 수 있습니다. 한 번 익힌 프로세스를 외우는 것이 아닌 이해를 통해 여러 상황에 응용할 수 있습니다. 또한 알파와 매트 등  영상의 기본적인 용어와 개념, 상식들을 잘 알고 있습니다. 마야 중상마야를 통해 꽤복잡한 물체까지는 모델링 할 수 있습니다. 애니메이팅 부분은 아주 복잡한 캐릭터 애니메이션을 제외하고는 이야기를 만들어낼 수 있을 정도는 할 수 있습니다. 복잡하지 않은 간단한 다이나믹 효과들도 만들어 낼 수 있습니다. 그리고 재질과 질감, 라이팅, 쉐이딩에 대해 이해하고 있습니다. 또한 렌더러들 간의 특징을 알고 제게 맞는 렌더러를 통해 적절한 세팅값을 설정해 제가 원하는 output을 최저시간, 최대퀄리티로 뽑아낼 수 있습니다. 전반적인 활용도를 놓고 보면 중상이라고 할 수 있습니다. PF트랙 중상오브젝트 트래킹을 제외한 카메라트래킹을 완벽하게 해낼 수 있습니다. 카메라트래킹에 방해가 될 수 있는 움직이는 물체들에 마스크를 씌우고 인식되지 않게 하면서, 그리고 트래킹이 되는 원리에 대해 이해하고 있습니다. 높은 공간지각능력을 통한 전반적인 3차원 공간에 대한 이해를 바탕으로 프로그램 상에서 공간을 알맞게 만들어낼 수 있습니다. 또한 알맞은 프로그램들 간의 연동을 통해 작업을 할 수 있습니다. 또한 가상의 3D공간에서 작업을 하려면 카메라에 대한 이해도 아주 중요한데 렌즈의 특성과 미리수, 셔터스피드와 조리개값의 상관관계 등 오랫동안 실제 카메라를 가지고 연구를 한 덕분에 아주 잘 이해하고 있습니다. 애프터이펙트 중상애프터이펙트의 기본 기능과 인터페이스, 각종 매트와 블렌딩 방식에 대해 이해하고 있으며 활용할 수 있습니다. 실사를 기반으로 작업을 했었던 덕분에 이펙트와 같은 2D작업을 할 수 있습니다. 포토샵/일러스트레이터 중상각종 기능들로 원하는 이미지를 제작할 수 있습니다좋은점 1  
"
더핑크퐁컴퍼니㈜,2018년 하반기,신입,캐릭터디자이너,자기소개,"
""캐릭터 OSMU 가치와 라이센싱 사업에 대한 이해, 글로벌 문화 상인의 비전"" 저는 스마트 스터디에서 캐릭터 IP의 상품 가치를 확대하는 글로벌 라이센싱 사업 전략에 기여하고 싶습니다. 특히, 귀여운 캐릭터에 중독성있는 멜로디가 더해진 상어가족 콘텐츠는 유튜브를 통해 전세계로 확산되며, 세계 영/유아 시장과 성인 수요를 사로 잡은 새로운 한류 콘텐츠로 자리잡았습니다. 이를 바탕으로, 스마트 스터디는 상어가족 IP의 해외 라이센싱 사업을 효과적으로 확대하여 최근 ‘핑크퐁과 상어가족’ 뮤지컬의 동남아시아 진출 성공, 미국과 영국에서의 음원 인기 등 새로운 성과를 이뤄가고 있습 니다. 따라서 저는 문화 상인을 꿈꾸며 준비한 캐릭터, 영화, 공연의 문화 기획 경험과 라이센싱 사업에 대한 이해, 그리고 무역 전공 역량으로, 세계 시장에서 입지를 넓혀가는 스마트 스터디의 성장을 함께하고 싶습니다. 아쉬운점 1  실제로, 저는 캐릭터 ‘OO’를 개발한 라이센싱 기업 ㈜OO의 인턴 활동으로 캐릭터 콘텐츠의 OSMU 가 치와 라이센싱 사업에 대한 이해를 넓힐 수 있었습니다. 먼저, 농산물 유통 기업과의 협업 프로젝트 업무에 참여했을 당시, 캐릭터를 활용한 E-COMMERCE 상품 페이지를 직접 기획하며 캐릭터의 OSMU 가치를 활용하는 라이센싱 사업을 이해할 수 있었습니다. 또한, 캐릭터 라이센싱 페어 업무에 참여하며 캐릭터 콘텐츠 시장의 성장성을 파악했습니다. 캐릭터 상품 영역은 어린이를 위한 애니메이션, 인형, 문구 상품에서 화장품, 모바일 게임 등 키덜트 시장으로 확 대되고 있었고, 해외 바이어 미팅 일정을 관리하며 국내 캐릭터 콘텐츠를 향한 해외 시장의 수요를 확 인할 수 있었습니다. 좋은점 1  이를 바탕으로, 저는 입사 후 스마트 스터디의 다양화되는 캐릭터 라인을 활용한 글로벌 라이센싱 전문 가의 역량을 키우겠습니다.특히 증가하는 K-캐릭터의 해외 수요, 게임과 3D 콘텐츠로 확장된 상품화 가 치에 주목하며 스마트 스터디 캐릭터 IP의 새로운 시너지 기회를 만들어가겠습니다. 그리고 이를 통해, 세계 시장에서 K-캐릭터 콘텐츠의 글로벌 경쟁력을 키우는 콘텐츠 라이센싱 전문가로 성장하겠습니다. 아쉬운점 2  
"
더핑크퐁컴퍼니㈜,2018년 하반기,신입,캐릭터디자이너,역량소개1,"
""캐릭터 활용 기획 경험, 농산물 유통 브랜드를 위한 HIPHOPTHEFARM 프로젝트"" 저는 캐릭터 라이센싱 기업의 인턴 활동 중, 농산물 유통 기업과의 콜라보레이션 프로젝트에 참여했습니다. 고객사는 현지에서 농산물을 재배하는 농민들과 소비자들을 연계시켜주는 유통 플랫폼으로, 온라인 커머스에 입점하여 고객 인지도를 높이고, 친근한 브랜드 이미지를 구축하기 위해 캐릭터를 활용하는 프로젝트를 의뢰하였습니다.  당시 저는 온라인 커머스에 사용될 상품 페이지를 기획하는 업무를 맡았습니다. 따라서 온라인 커머스의 주 소비 계층과 온라인 유통 식품에 대한 불안감을 먼저 확인하였습니다. 그리고 인기 농산물 사이트를 비교 분석하여 상품 신뢰도를 높이는 농가, 농지 정보의 필요성을 파악했습니다. 그리고 브랜드 캐릭터가 자신의 이야기로 상품 정보를 소개하는 상품 페이지를 구성했습니다. 그 결과, 고객사와의 미팅을 통해 저의 기획은 실제 업무에 적용되었습니다. 그리고 저는 캐릭터의 OSMU 가치를 활용하는 라이센싱 사업을 이해하고, 캐릭터 콘텐츠를 활용한 기획 경험을 쌓을 수 있었습니다.아쉬운점 1  
"
더핑크퐁컴퍼니㈜,2018년 하반기,신입,캐릭터디자이너,역량소개2,"
""해외 영업 실무 경험 , 2014 뉘른베르크 국제 완구박람회의 최다 수출계약 성과"" 저는 무역 인재 양성 사업단 OOOO 활동 중, 국내 중소기업의 파트너로 2014 OOOOO OOOO박람회에 참여했습니다. 저는 부스 스텝 업무를 담당하며, 전시 기간 중 상품의 관리, 바이어 상담 업무를 진행했습니다. 당시 협력사는 동물 인형을 제작하는 수출 전문 기업으로, 실내 장식품으로 동물 인형을 선호하는 유럽에서 수출 시장을 확대하고자 했습니다. 따라서 저는 장식용으로 효과적인 큰 스탠드형 인형과 헤드 장식품을 부스의 전면에 진열하였습니다. 하지만 예상과 달리 바이어는 진열된 상품을 흥미롭게 본 뒤, 그냥 지나갔습니다. 그리고 거래를 제안하는 바이어는 오히려 부스 안에 진열된 작은 동물 인형에 관심을 보였습니다.  저는 상품에 관심을 가지는 바이어와 대화를 나누며, 대부분의 바이어가 유럽 내 편집숍을 운영하고 있다는 것을 파악했습니다. 그리고 대형 장식품보다 크기와 종류가 다양한 소형 동물 인형에 큰 관심을 보이는 것을 확인했습니다. 따라서 저는 사장님에게 이러한 사실을 전달한 후, 다양한 크기와 종류로 구성된 강아지 가족 인형 세트를 부스 전면에 배치하였습니다. 그리고 관심을 보이는 바이어에게 먼저 다가가 인사를 건네고, 전시장 내부에 더 많은 종류의 강아지 인형이 있다고 소개하였습니다. 그러자 바이어는 컨테이너 단위로 시작되는 최소 수출 규격에 맞추기 위해 추가로 상품을 선택하며 적극적으로 거래를 진행했습니다. 그 결과, 저는 역대 최다 수출 계약 성과를 달성하며 성공적으로 전시회 업무를 마칠 수 있었습니다.아쉬운점 1  
"
(주)퍼시스,2018년 상반기,신입,제품디자이너,본인이 채용되어야 하는 이유 80자,"
OOO 전시 활동으로 공간과 사용자에게 스며드는 디자인의 가치를 보았고, 직무열정과 타인존중을 통한 협업으로 회사와 함께 성장할 수 있습니다.아쉬운점 1  
"
(주)퍼시스,2018년 상반기,신입,제품디자이너,"본인이 지원한 직무 및 설명을 채용공고를 참조하여 첫 줄에 기입하고, 이에 대한 스스로의 경쟁력(경험,지식,Skill)과 입사 후 기여할 수 있는 점은 무엇인지 사례를 들어 설명하시오.(800자 이내)","
제품디자인, 신제품 컨셉, 제품설계 세부 디자인, 기존 디자인 리뉴얼, 창조적, 끈기, 커뮤니케이션 스킬 일룸의 쇼룸을 보고 사람들의 다양한 욕구를 생활가구를 통해 충족시키며 환경과 사람의 연결을 실현하는 제품디자인에 매력을 느꼈습니다. 퍼시스에서 공간과 사람에게 섬세함으로 스며드는 디자인 전문가로 성장하고자 합니다. 아쉬운점 1그를 위한 제 경쟁력은 소비자 중심 사고력, 표현력, 즉각적인 판단력입니다.아쉬운점 2  한정된 공간에서 변화를 주려는 최근 원룸 거주자들의 욕구를 고려하여 좌식과 입식이 전환되는 조립식 화장대를 디자인했습니다. DDP 영 디자이너 챌린지에 전시한 카드 조명에서는 사용자의 디자인 참여를 열었습니다. 입사 후 소비자 주체적 디자인으로 생활 속에서 지속적인 존재감을 가지며 살아 숨쉬는 디자인을 표현하겠습니다. 일러스트, 라이노 등의 프로그램으로 효과적인 시각 표현력을 갖추었습니다. 컬러리스트 기사 자격증을 취득해 색채에 대해 깊은 공부를 했습니다. 이를 기반으로 졸업 전시 때 각각의 작품들을 색을 통해 하나로 어우르는 공간 기획을 주도했습니다. 제 지식과 표현력으로 제품을 설계하고 트렌드와 고객의 요구를 충족시키는 디자인을 제안하겠습니다.아쉬운점 3  계획과 다른 상황에서 차분하게 판단하고 대응합니다. OOO 전시를 위해 준비한 디스플레이가 좌우 테이블과 비슷해 돋보이지 않았습니다. 당일 세팅이라 시간이 부족했지만 바로 컨셉을 변경하고 판넬 디자인을 바꿔 세시간 만에 새롭게 바꾸었습니다. 관계자가 관심을 보이며 홍보 사진을 촬영하기도 했습니다. 계획에 따라 업무를 수행하더라도 판단력에 기반한 창의성으로 상황에 대응하겠습니다.아쉬운점 4  
"
(주)퍼시스,2018년 상반기,신입,제품디자이너,"살아오면서 실패했던 경험과 이를 극복하기 위해 어떠한 행동을 했으며, 그 과정에서 배운 것은 무엇인지 구체적으로 기술하시오.(700 자 이내)","
수학 능력 시험에서 선택과목으로 한국사를 선택했고, 공부한 노력에 비해 4등급이라는 좋지 않은 성적을 받았습니다. 당시 한국사는 서울대학교를 준비하는 수험생들의 필수 과목이라 선생님과 부모님께서는 과목 선택을 잘못했다는 말씀을 하셨습니다. 하지만 저는 성적을 잘 받기 위한 전략이 아니라 정말 좋아하는 과목을 공부하고 싶었습니다. 다시 볼 수 없는 시험인 만큼 아쉬움이 있었지만 공부 자체가 재미있어 후회는 없었습니다. 대신 다른 과목에서 우수한 성적을 받아 학과 성적 수석입학으로 장학금을 받았습니다. 역사에 대한 관심은 지속적으로 이어져 대학 재학 동안 한중일 전쟁사, 러시아의 이해, 서구 문예사 등 역사 관련 인문 수업을 다수 수강했고 대부분 A+의 성적을 받았습니다. 수능에 대한 아쉬움으로 한국사를 다시 공부해 한국사능력검정시험 1급 자격증을 취득하기도 했습니다.  좋아하는 분야에 대한 지속적인 관심과 노력은 제 시야를 넓혀주었고 “결국 하면 된다” 는 자신감을 불어넣어 주었습니다. 연표와 오답정리로 빽빽한 수험생 시절의 한국사 노트를 보았을 때, 한번 시도해서 성과가 없었더라도 그 과정을 얻는다는 것 자체가 성과임을 깨달았습니다.아쉬운점 1  
"
(주)퍼시스,2018년 상반기,신입,제품디자이너,성장 과정에서 자신의 성격에 가장 큰 영향을 미친 사건에 대해 기술하시오.(700 자 이내),"
중학교 3학년, 사춘기 시절 인간관계에 대한 많은 고민을 했던 시기가 있었습니다. 처음에는 단순했습니다. 반편성에서 운이 없게도 친하게 지내던 친구들과 떨어졌을 뿐입니다. 그런데 당황스러울 정도로 상황이 잘 풀리지 않았고, 속앓이도 많이 했습니다. 그러나 저는 위축되지 않고 제 평소 모습대로 웃으며 다가갔습니다. 시간이 지나면서 학우들의 반응과 태도가 점점 달라졌고 이후에는 장난치고 웃으며 친하게 지내게 되었습니다. 나중에 한 친구의 이야기로는, 제 의지와 상관 없이 다른 사람의 이야기와 오해 속에서 첫인상이 만들어진 것이었습니다. 아쉬운점 1그 일을 통해 인간관계에 대해 깊이 고민하며 내면적으로 성숙해지는 계기가 되었고 고등학교에 올라와서는 지금까지도 깊은 관계를 이어가고 있는 친구를 만나기도 했습니다. 비록 부정적인 인식이 있더라도 진실된 태도와 미소로 다가간다면 나에 대한 인상을 긍정적으로 바꿀 수 있다는 것을 알게 되었으며, 나 또한 이전에 누군가에게 선입견을 가지고 대하지 않았나 돌아보는 시간을 가졌습니다. 사람을 대하는 방식에 타인에 대한 배려와 역지사지의 마음가짐이 스며들었고 이는 가치관과 작업에도 영향을 주었습니다. 팀 프로젝트를 진행할 때는 다른 사람의 의견에 귀 기울이며 더 좋은 목적을 위한 합의점과 협력을 이끌어내었고 디자인을 고안할 때는 사용자의 관점에서 바라보는 시각을 키웠습니다.아쉬운점 2  
"
(주)퍼시스,2018년 상반기,신입,제품디자이너,"그 외 위에서 표현하지 못한 이야기가 있으면, 자유롭게 작성해주시기 바랍니다.(700 자 이내)","
""기업과 사람, 워라벨의 새로운 해석"" 채용설명회에 다녀온 후 기업과 직원, 일과 삶, 공간과 사람에 대해 많은 생각을 했습니다. 최근 저를 비롯한, 사회에서 새로운 시작을 하려는 이들에게 ‘워라벨’은 떠오르는 직업가치입니다. 물론 긴장을 잠시 내려놓고 자유로운 시간을 가지는 것은 다음 날 다시 열정적으로 업무에 임할 수 있는 추진력이 됩니다. 그러나 여기에는 work, 일하는 사무공간이 마치 벗어나야만 하는 곳이라는 인식이 깔려있는 것이 아닌가 하는 생각이 들었습니다. 사람이 건물을 만들지만 건물이 사람을 만든다. 는 말이 가슴 깊이 와 닿았습니다. 퍼시스는 워라벨의 개념을 재정립하고 있습니다. 오피스 공간 인식의 근본적인 변화를 추구합니다. 집과 같은 오피스, 효율을 위한 자유로움, 솔루션을 갖춘 오피스로 일과 삶을 저울 양쪽에 놓는 것이 아닌 행복의 밸런스를 work와 life 모두에게 부여하고자 합니다. 오피스는 기업문화를 재생산하고 사람들은 오피스에서 기업문화를 소화합니다. 근래 그 기업문화가 변화하고 있고, 막혀 있는 혈을 뚫듯 공간을 뚫고 에너지를 연결합니다. 사람과 사람, 기업과 사람의 교류가 일어나는 사이에서 시너지가 발산됩니다. 공간이 사람을 만듭니다. 이제 퍼시스에서 저라는 사람을 다시 만들고 싶습니다. 사람을 기준으로 하는 디자인을 제품으로, 공간으로 실현하는 깊이 있는 직무전문가가 되고자 합니다.아쉬운점 1  
"
킨코스코리아(주),2018년 상반기,신입,제품디자이너,자기소개,"
""매의 눈과 발톱 그리고 날개"" 저는 넓은 시야로 문제점의 근원을 발견하며 예리한 발톱과 같은 간결한 해결책으로 문제점을 해결합니다. 이러한 저는 매의 눈과 발톱을 가졌다고 소개하고 싶습니다.아쉬운점 1 피트니스센터에서 근무 할 때 통행 중 고객 간의 충돌이 자주 발생하였습니다. 이러한 문제점을 해결하기 위해 운영진은 운동기구를 줄여 통로를 확장하려 했습니다. 하지만 운동기구를 제거하는 것은 손실이라 판단한 저는 다른 해결책을 찾으려 노력했습니다. 분석 과정에서 통행시 충돌하는 고객은 신규 고객이 대부분임을 확인하였습니다. 그리고 신규 고객의 단일 기구 이용 시간이 짧으며 이동이 잦다는 것을 알 수 있었습니다. 이는 운동에 대한 낮은 동기부여 때문이었습니다. 운동을 장시간 하는 고객을 관찰한 결과 그들은 운동 영상, 타이머 등으로 동기부여를 하였습니다.좋은점 1 이러한 저의 분석을 운영진에 전달하고 운동기구 사용 시 고객의 눈높이에 타이머를 부착하여 운동의 동기부여를 도왔습니다. 그 결과 고객의 이동이 줄어들어 충돌 경우가 급감하였습니다. 문제의 근원을 발견하여 작은 타이머라는 간결한 해결책으로 문제를 해결한 뜻 깊은 경험이었습니다. 이러한 저의 역량은 귀사에 입사하여 날개를 달아 고객에게 더욱 가까이 다가갈 것입니다. 고객의 근본적인 요구를 파악하고 해결함으로 기본을 디자인하는 디자이너가 되겠습니다.아쉬운점 2  
"
킨코스코리아(주),2018년 상반기,신입,제품디자이너,팀 워크,"
""소통은 이해, 이해는 팀워크"" 작년 겨울 대학생 창업프로젝트에서 저의 기부 어플리케이션 아이디어가 사업화 우수 아이디어로 선정되어 프로젝트 팀장을 맡게 되었습니다. 팀원 구성은 각자의 부족함을 보완하기 위해 서로 다른 전공자들로 구성하였습니다.하지만 프로젝트 도중 각자의 역량 차이로 인해 성취도에 관한 갈등이 발생하였습니다. 이를 즉시 해결하지 않으면 좋은 결과를 얻기 어렵겠다는 판단을 하고 저는 팀장으로서 개인적으로 한 명씩 만나 대화를 하며 이를 해결하기 위해 많은 고민을 했습니다.아쉬운점 1 그로 인한 저의 해결책은 ‘공감’이었습니다. 서로의 잘잘못을 따지지 않고 팀원들의 이야기에 공감하며 경청하였습니다. 이를 통해 팀원 서로 간의 이해가 자연스럽게 일어났고 개개인의 대화는 곧 함께하는 대화로 발전되었습니다.아쉬운점 2 이후 저희 팀의 성취도는 눈에 띄게 높아졌습니다. 서로 간의 이해를 통해 업무 분담의 효율성은 증대되었고 이는 뛰어난 결과로 이어졌습니다. 최종 평가에서 저희 팀은 참석자에게 지급된 투자금액의 절반이 넘는 투자를 받으며 1위 기업으로 선정되었습니다. 최종 평가에서 저희의 팀워크를 눈 여겨본 심사위원의 제안을 받아 기업에서 함께 일하는 기회까지 얻게 되었습니다.아쉬운점 3 이를 통해 팀워크는 개인의 역량이 아닌 서로 간의 소통을 바탕으로 강화된다는 것을 깨닫는 소중한 경험이었습니다. 아쉬운점 4이러한 경험을 통해 귀사의 기업문화 속에서 원활한 소통으로 밝은 기업문화 정착은 물론 업무의 효율성까지 성취할 수 있도록 노력하겠습니다.                         
"
킨코스코리아(주),2018년 상반기,신입,제품디자이너,직무 경험,"
""고진감래"" 디자인 에이전트에 입사하자마자 3건의 정부 사업을 인수하였습니다. 저의 사수가 1개월 이내에 퇴사하시기에 짧은 시간 안에 1년 넘게 지속한 사업의 맥락을 완전히 이해하여야만 했습니다. 저는 밤낮으로 사업 계획서부터 모든 자료를 정독하였습니다. 이 과정에서 높은 집중력과 이해력, 적응력을 함양할 수 있었습니다.국가 차원의 큰 프로젝트로 높은 수준의 디자인 완성도를 충족시켜야 했습니다. 제품의 구체화 단계인 모델링은 물론 리서치 및 개념화 단계의 과정에서도 깊이 있는 조사를 통해 전문가 수준의 이해를 기반으로 디자인에 접근하여야 했습니다. 이 과정에서 각 분야의 전문가와 원활한 의견 교류를 위한 태도 및 디자인을 비전문가인 사업담당자에게 쉽게 전달하는 능력을 함양할 수 있었습니다.아쉬운점 1 사업 담당자로서 디자인 분야가 아닌 예산, 계약 등의 다방면의 자료 또한 이해하여야 했기에 힘든 부분이 많았습니다. 그 과정에서 각 분야의 실무자들께 여쭤보며 부족한 부분을 메꾸어 갔습니다. 이를 통해 디자인이 목업을 통해 생산까지의 과정을 거시적으로 관찰할 수 있었던 좋은 기회였습니다.아쉬운점 2 저의 사수가 퇴사하고 저는 2달 이내에 3건의 연차 최종 평가를 주도적으로 이끌었습니다. 사업마다 다른 평가 기준과 양식을 충족하여야 했기에 혼란이 있었습니다. 그래서 저는 각각의 디자인의 근원적 목표를 탐색하였습니다. 그리고 모든 디자인은 고객을 위한다는 공통적 목표를 발견하였습니다. 그 결과 고객의 편리한 생활로 사업내용을 귀결시켜 평가 자료 정리에 혼란을 줄였습니다. 그리고 이러한 저의 선택은 성공적인 연차평가로 검증되었습니다. 이 과정을 통해 디자인 프로세스는 달라도 결국 고객이 중심이 된다는 것을 깨달았습니다.아쉬운점 3 당시에는 힘든 경험이었습니다. 하지만 돌이켜 생각해보면 짧은 시간에 많은 것을 배울 수 있었습니다. 앞으로의 이런 힘든 과정은 분명 있을 것입니다. 하지만 결국 저의 자산이 될 것이라는 믿음이 있기에 매 순간을 즐기며 묵묵히 앞으로 나아갈 것입니다.  
"
킨코스코리아(주),2018년 상반기,신입,제품디자이너,전공 경험,"
""항상 소통하는 쌍방향 디자이너"" ‘소통’은 특히 제품 디자인 영역에서 중요한 역량이라 생각합니다. 고객이 원하는 작은 부분까지 배려하기 위해서는 고객과의 소통이 필수적이기 때문입니다. 이와 관련하여 다양한 사람들과 소통한 수많은 경험이 빛을 발할 것입니다.아쉬운점 1 과거 교통약자의 이동권 보장을 위한 디자인을 진행할 때 대중교통 이용에 대한 불편함을 조사하기 위해 수많은 분들을 만났습니다. 처음 그분들을 만났을 때 낯선 저를 향한 경계심 때문에 이야기를 나누는 것조차 너무나 힘들었습니다. 하지만 저는 그들과의 소통을 통해서만 진정성을 담은 사려 깊은 디자인이 탄생할 것이라는 믿음이 있었습니다. 그 후 매일 노원 장애인 어울림센터 앞의 버스정류장에 가서 소통하려 노력하였습니다. 그러자 점차 그분들은 마음의 벽을 허물었고 그들과 많은 이야기를 나눌 수 있게 되었습니다. 이를 통해 비장애인은 인지하지 못하는 예상치 못한 많은 어려움을 발견할 수 있었습니다. 그리고 그러한 부분이 저의 디자인의 설득력을 갖게 하였고 그 결과 우수 디자인으로 선정되어 교내 지원금 유치까지 가능하게 되었습니다.아쉬운점 2 진정성 있는 디자인을 위한 적극적인 움직임은 결국 저의 디자인을 보다 완성도 있게 만들어 주었습니다. 귀사에 입사한 후에도 주저 없이 고객을 향해 다가가는 디자이너가 되겠습니다.                         
"
(주)엔씨소프트,2017년 하반기,신입,웹디자이너,"자신이 하고 싶은 것을 진지하고 순수한 마음으로 수행했던 경험(Integrity/진지함), 무엇인가에 빠져 열정적이고, 헌신적으로 그것을 수행했던 경험(Passion/헌신), 현재에 만족하지 않고, 끊임없는 개선을 통해 타인을 감동시켰던 경험(Never-ending Change/ 감동) 중 한 개를 선택하여 그 경험과 결과에 대해서 서술하시오.","
""뒤집어 봐, 생각을!"" NCSOFT의 '현재에 만족하지 않고, 끊임없는 개선'하는 자세를 함께하고자 합니다. 저는 언제 어디서나 '더 좋은 방법'을 찾고, 이를 실행하려는 자세로 성장해왔습니다. 교내 경영학회의 리크루팅 매니저로서는 새로운 형태의 홍보물을 제안하며 성과를 낼 수 있었습니다.좋은점 1  리크루팅 과정에서 학회 간 가장 경쟁이 심한 부분은 포스터입니다.아쉬운점 1 학회 및 동아리가 한꺼번에 홍보를 하는 과정에서 수많은 포스터 중 하나의 포스터로 사람들의 눈길을 끄는 것은 매우 어렵기 때문입니다. 이러한 상황에서 생각을 전환하여 사람들이 눈길을 주는 곳에서 학회를 알리고자 했습니다.  먼저 거울 포스터를 제안했습니다. 거울은 사람들이 찾고 또 시선이 머무르는 대상이기 때문입니다. 학회원들에게 아이디어를 제안했을 때, 비용문제에 대해 회의적인 의견이 나왔습니다. 하지만 거울 제작 비용에 대해 찾아보고, 발품을 팔아 직접 보고 물으며 거울 종류에 대해 알아보았습니다. 결국, 장 당 1,300원의 비용을 들여 플라스틱 재질의 거울 포스터를 제작할 수 있었습니다. 해당 포스터를 식사 후 거울을 보려 하는 특성을 이용하여 교내 식당 근처의 통로에 부착하였습니다. 이를 통해, 학생들의 시선을 효과적으로 끌며 학회 슬로건을 적은 거울과 인증사진을 찍도록 하는 효과도 누릴 수 있었습니다. 둘째로 학생들이 강의실에서 콘센트를 찾는 것을 이용했습니다. 콘센트가 있는 곳에 학회 이름을 적은 화살표 모양의 스티커를 부착했습니다. 콘센트를 찾는 것을 도우면서 자연스럽게 학회의 이름을 알릴 수 있었습니다. 거울 포스터와 콘센트 스티커는 1년 반이 지난 지금도 경영대에서 그대로, 학회에 대해 알리고 있습니다.좋은점 2 결과적으로 상경대학 학회 중 가장 많은 지원자를 모으며 리크루팅을 마무리했습니다. 또한, `마케팅 학회답다’는 평을 들으며 학회에 대해 좋은 이미지도 만들 수 있었습니다. 제가 생각하는 UX는 끊임없이 변화하는 것입니다. 게임 행동 특성 변화, 게임의 트렌드 변화, 게임 환경의 변화에 맞추어가며 사용자 경험은 완성됩니다. NCSOFT의 사용자 경험을 기획할 때에도 '더 나은 방법'에의  방향성을 가지고, 다방면으로 고민하겠습니다. 이를 통해 효과적으로 고객이 즐거움 속에서 편안함까지 느낄 수 있도록 도울 것입니다.아쉬운점 2  
"
(주)엔씨소프트,2017년 하반기,신입,웹디자이너,지원한 분야의 전문성과 역량을 갖추기 위해 본인이 노력했던 경험과 그 결과에 대하여 구체적으로 서술하시오.,"
저는 NCSOFT의 UX 직무에서 필수적인 두 역량을 길러왔습니다. 첫 번째 역량은 '기술을 알고 소통하는 능력', 두 번째 역량은 '사용자의 니즈와 행동에 대한 통찰력'입니다.  1. 앎을 통한 소통한국 OOO 학회에서 유아동 스마트폰 중독 방지 로봇을 만들며 소통 능력을 길렀습니다. 좋은점 1 유아의 스마트폰 과몰입을 방지하기 위하여 일정 시간이 지나면 다른 활동으로 유도하는 컴페니언 로봇을 기획하였습니다. 하지만 기획안은 디자인과 개발의 과정을 거치면서 단순히 거리를 조절한다든지, 표정을 통해 유아동에게 간접적인 정보를 전달하는 형태로 달라졌습니다. 이러한 상황에서 디자이너와 기술자의 관점을 알고 소통하기 위해 노력했습니다. 이용하고자 하는 코딩과 기술에 대하여 먼저 찾아보았고, 기술적 언어를 활용하며 개발자를 설득하려 했습니다. 또한, 3D 모델링을 배워 눈으로 보여주며 구현하고자 하는 로봇에 대해 이해할 수 있도록 도왔습니다. 결국, 원래의 기획안으로 돌아와 개발을 마칠 수 있었고 이후 빠른 의사소통으로 추가적인 로봇까지 제작할 수 있었습니다.아쉬운점 1 UX 기획 직무는 다양한 직무와의 협업이 중요하다고 알고 있습니다. 각 직무의 특성과 그들이 고려하는 바를 알고 소통하며, 구성원을 하나로 모으는 NCSOFT의 일원이 되겠습니다. 2. 사용자를 알고, 또 알아가겠습니다.[기능 구성] ""기술에 원하는 바가 무엇일까?""디자인 심리학 수업에서 복약관리 앱을 기획하였습니다. 이때, 관련 경험을 정확히 파악하며, 사용자가 놓치는 부분까지 지원하는 것을 목표로 삼았습니다. 다양한 복약 경험을 상세히 알기 위하여 약을 자주 먹는 사람, 거의 먹지 않는 사람, 약사로부터 호출기 연구를 진행했습니다. 이를 통해 성분 이름이 어려워서 피해야 할 성분을 알면서도 처방받는 것을 알게 되었고, 병원 방문 시 의사에게 맞지 않는 성분을 보여주는 기능을 추가할 수 있었습니다. UX 디자인의 주요 기능은 '기술 사용에서 어려운 부분을 보완해주는 것'입니다. 사람이기 때문에 어렵고, 놓치는 부분들에 관심 가지는 기획자가 되겠습니다. [경험 디자인] ""사용자의 생활은 어떠할까?""조원들과의 토론과 프로토타입을 제작을 통해 앱의 기능과 layout 그리고 flow를 구성했습니다. 하지만 사용성 테스트에서 사용자들은 복약관리에 대해 약 성분을 찾는 것보단 복약 시간을 알려주기를 바라고 있었고, 우리가 예상했던 방향으로 앱을 사용하지 않는다는 것을 알 수 있었습니다. 문제사항을 개선하기 위해 사용자 시나리오를 토대로 약이 필요해지는 때부터 약국에 방문하여 약을 사고 복약이 끝나는 때까지의 순서를 나누어 복약 행동을 파악하였습니다. 이를 토대로 앱의 기능과 flow, layout에 처음부터 다시 구성했고, 교수님으로부터 실제로 만들어보는 게 어떻겠냐는 제안까지 받으며 앱 기획을 끝낼 수 있었습니다. 이때의 경험을 토대로 사용자의 일상에 대한 관찰력도 UX 디자이너의 자질이라는 것을 알고, 일상생활을 관찰하는 습관을 기를 수 있었습니다.아쉬운점 2  
"
(주)엔씨소프트,2017년 하반기,신입,웹디자이너,엔씨소프트에 입사한 후 3년 이내에 본인이 지원한 직무에서 이루어내고 싶은 목표에 대하여 구체적으로 서술하시오.,"
입사 후, NCSOFT의 '소셜 UX'와 '차세대 UX'를 만들어나가며, 기존 유저를 더욱 굳건히 하고, 그들에게 새로운 경험을 제공하는 것이 저의 목표입니다.아쉬운점 1  1. 서로 이어지는 경험리니지가 성공한 이유는 협동과 경쟁, 다양한 콘텐츠로 자신을 표현하는 '소셜 요소'에 있다고 생각합니다. 실제로 NCSOFT는 사회적 요소에 주목하고 '리니지 M Talk' 앱까지 개발하며 소셜 서비스 제공에 힘쓰고 있습니다. 저는 소셜 서비스에 관심 가지고 '공부하는 사람들을 위한 소셜 로봇'을 제작하였습니다. 해당 로봇을 기획하는 과정에서 사회적으로 이어져 있다는 느낌은 시청각 자극보단, 감성과 물리적 자극에서 비롯한다는 것을 알게 되었습니다. 이는 게임 환경에서도 마찬가지라고 생각합니다. 만나서 게임하는 것은 물론, 각자 집에서 게임할 때 전화를 켜두고 게임하는 모습을 확인할 수 있었기 때문입니다. 현재 메신저 형태, 협동 시스템에 국한되어있는 소셜 요소에, 감각과 물리적 요소를 더한 UX를 기획하고 싶습니다. 이를 통해 유저 간 긴밀한 연결을 도우며, 사용자와 NCSOFT까지 이어지도록 하는 것이 제가 이루고자 하는 바입니다.아쉬운점 2  2. 차세대 UX를 구축하겠습니다.NCSOFT는 VR 콘텐츠를 개발하고, AI 센터를 설립하며 사용자 경험을 혁신하고 있습니다. 이는 4차 혁명의 물결에 따라 웨어러블 기기, IoT 등 다양한 기술을 사용하는 게임 업계의 트렌드에 발맞춘 것입니다. 기술을 공부하며 로봇을 제작한 경험을 토대로 차세대에, 차세대 UX로써 점점 더 강해지는 NCSOFT를 만드는 데에 이바지하겠습니다.아쉬운점 3  
"
(주)한섬,2015년 하반기,신입,패션디자이너,지원동기와 포부,"
""새로운 자극을 주는 한섬""  대학교 3학년 2학기를 마친 후, 패션 분야에서 내가 어떤 일을 할 수 있을지 진지하게 고민하기 위해 런던으로 떠났습니다. 패션 선도 도시인 런던, 파리, 밀라노의 패션을 직접 볼 수 있고, 그곳의 열정을 몸으로 느낄 수 있기 때문이었습니다. 한국에서 보지 못한 브랜드와 편집샵, 다양한 디자인 라인을 보며, 한국의 패션시장에서의 꿈을 갖게 되었습니다.  그 후 학교로 돌아와 졸업전시를 준비하며 포토샵, 일러스트, 라이노 실력을 다지고, 실크 스크린, 가죽 공예를 배워 패션과 관련된 기법을 익히고자 하였습니다. 또한, 패션 아르바이트부터 시작하자는 마음에 여러 곳에 지원하였습니다. 그러나 전공이 맞지 않아 매번 떨어졌습니다.  하지만 계속된 도전으로 oooooo와 악세사리 마케팅팀에서 일할 기회를 얻어 어깨너머로 여성의류, 잡화와 관련된 일을 할 수 있었습니다. 이 경험을 시작으로 포기하지 않는 디자이너가 되고자 한섬에 지원하게 되었습니다.  한섬은 한국에서 보지 못한 디자인을 전개하여 뚜렷한 정체성을 갖는 의류회사로 자리 잡아 패션시장을 이끌어가고 있습니다. 저에게도 한섬은 꿈의 브랜드이며, 감각적인 디자인으로 매번 자극을 주었습니다. 패션 트랜드를 읽기 위해 항상 국내외 패션시장을 주시하고 앞선 디자인을 하기 위해 노력하여, 한섬의 디자이너로서 최고의 패션 기업을 이어나가는데 함께 하고 싶습니다.                          
"
(주)한섬,2015년 하반기,신입,패션디자이너,성장과정,"
""꿈을 이루고자 목표를 설정하고 노력하였습니다""  학창시절 평범한 교복이 싫어 나만의 운동화와 가방을 찾기 시작하면서 패션에 관심을 갖게 되었습니다. 직접 디자인을 하고 싶다는 생각을 하게 되었고, 뒤늦게 미술을 시작하였습니다. 고3 입시에 실패 후, 1년 안에 끝내기 위해 분 단위로 생활하며 철저한 자기관리를 하였습니다. 뒤처진다는 불안감도 있었지만 확실한 목표의식을 가지고 노력한 결과 원하는 학교에 진학할 수 있었습니다. 4년 동안은 학생으로서 다양한 디자인을 경험하고 싶어 장신구 디자인과 함께 가죽 공예, 벽화 작업, 전시 기획 등 다양한 분야에 도전하였습니다. 매번 두렵지만 새로운 도전을 하여 이룬 결과로부터 더 큰 도전을 할 수 있는 자신감과 동기부여를 얻을 수 있었습니다.                          
"
(주)한섬,2015년 하반기,신입,패션디자이너,나만의 경험과 강점,"
""협업의 가치를 배웠습니다."" ooo에서 진행한 꿈 프로젝트에 참여하여 아이들이 자신의 꿈을 그린 타일로 조형물을 만들어 아파트 단지 내에 설치하였습니다. 행사준비, 아이들 그림지도, 조형물 디자인과 제작으로 진행되었으며, 다양한 단계를 거친 프로젝트인 만큼 여러 사람과 함께 의견을 나누고 작업한 결과 아이들의 꿈이 녹아있는 의미 있는 조형물 제작이 가능했습니다.  개인 작업과는 다른 협업의 가치와 구성원으로서 성취감을 깨닫게 되었으며, 동료들과 함께 벽화봉사, 과제전, 핸드메이드코리아, 플리마켓을 준비하며 그룹의 구성원으로 일하는 행복을 이어나갔습니다.  ""열정과 도전정신을 가지고 있습니다."" 유럽여행에서 카우치서핑에 도전하였습니다. 남들과 다른 유럽여행을 만들기 위해 외국인 집의 소파를 무료로 빌려 숙박을 해결하는 카우치서핑을 하였습니다. 그때의 대책 없던 도전으로 힘든 여행일 때도 있었지만, 한국에 돌아와 무슨 일을 하든 자신감 있게 도전할 수 있는 힘을 주었습니다.                          
"
(주)한섬,2015년 하반기,신입,패션디자이너,인생의 목표,"
""죽을 때까지 배우기, 후배들에게 본보기가 되기"" 배움에는 끝이 없다고 생각합니다. 현재에 안주하지 않기 위해 새로운 것에 도전하고, 작은 일에서도 배우는 자세를 가질 것입니다. 또한, 끊임없는 배움의 자세로 제 분야에서 최고가 되어 후배들에게 도움을 주는 것입니다. 학창시절 강연에서 들은 선배님들의 스토리는 항상 저에게 열정을 주었습니다. 저 또한 후배들에게 힘이 되고 싶습니다. 이를 위해 제 일에 최선을 다하며, 저만의 스토리가 있는 패션 전문가가 되기 위해 노력할 것입니다.                         
"
㈜노크노크,2016년 하반기,신입,그래픽디자이너,[신입/2D배경]채용하길 잘했다는 생각이 드는 배경디자이너가 되기 위해 최선을 다하겠습니다,"
저는 부산에서 태어나 12년을 살다, 가족 사정으로 수원으로 이사하여 현재까지 계속 거주하고 있습니다. 그리 넉넉지 않은 형편 가운데서도 늘 정직하고 성실하게 살아가시는 부모님을 통해 그 성실함과 강한 책임감을 배울 수 있었습니다. 개방적인 부모님 덕에 저는 진취적인 사고방식을 가진 사람으로 성장할 수 있었습니다.  또한, 가정 형편에 도움이 되기 위해 고등학교 졸업 이후 시작한 적지 않은 아르바이트 경험을 통해 타인과 활발한 커뮤니케이션이 가능하고, 붙임성 있는 성격으로 바뀌는 계기가 되기도 했습니다. 제 좌우명인 자강불식(自强不息)이라는 사자성어처럼, 저는 호기심이 생기면 그것이 해결될 때까지 다방면으로 쉼 없이 탐구하는 열정이 있습니다. 제가 고등학교 때 UCC, 편집 프로그램조차 모르던 시절, 그저 열정적으로 즐기고 있던 게임에서 무언가 만들어 보고 사람들과 즐기고 싶다는 생각 하나만으로 영상을 찍고, 편집하기 시작했으며 세 번의 UCC를 제작한 끝에 게임 유저들에게 많은 지지를 받아 BEST UCC에 뽑혀 상품을 받았던 적이 있습니다. 그만큼 저는 한번 호기심이 생기고, 하고자 하는 열정이 있으면 끝을 볼 때까지 파고들며 노력하는 면이 있습니다. 배경 원화가를 꿈꾸게 된 계기 또한 마찬가지로, 포스트 아포칼립스나 스팀펑크 장르에 대한 호기심으로 그림을 시작해 큰 분위기를 제가 원하는 대로 설정할 수 있는 배경원화에 끝없는 매력을 느끼고 현재까지 그림을 그려왔으며 평생의 직업으로 삼으려 합니다. 지금은 조금 부족하다 생각되는 그림 실력입니다. 하지만 아무것도 모르고 시작하여 결국 소정의 목표를 달성했던 UCC 제작처럼 저는 끝까지 포기하지 않고 세계에서도 인정받는 배경원화가가 되는 것을 목표로 하고 있습니다.조금만 이끌어 주신다면 저는 반드시 더욱 발전하여 뽑길 잘했다는 생각이 드는, 귀사에 큰 도움이 되는 인재가 될 것이라 약속드릴 수 있습니다.                          
"
㈜성주그룹,2016년 상반기,신입,패션디자이너,지원동기,"
[ MCM에서 한우물만 파고 싶은 디자이너 ] MCM에서 디자이너로 일하시는 선배님의 열정을 느끼며, 패션 잡화 디자이너를 꿈꿨습니다. 학부 시절 MCM 디자이너로 일하시는 선배님과의 멘토 만남을 한 적이 있습니다.  어릴 때부터 패션계에서 일하는 꿈을 가지고 있던 저는 선배님과의 멘토링 만남에서 가방 디자이너라는 직무를 알게 되었으며, 힘들지만 매력적인 직업이기에 즐겁게 일하신다는 선배님의 열정을 느끼고, 잡화디자이너의 꿈을 키우게 되었습니다. 좋은점 1  여러 패션 기업들 사이에서 오직 잡화로만 승부를 보는 MCM의 전문성과 저력을 보며, 잡화디자이너가 되고 싶던 저에게 MCM은 꿈의 회사로 다가왔습니다.  대학에서는 나를 표현하는 작업을 하며 디자인 감각을 키우는데 열정을 쏟았으며, 사회에서는 잡화 디자이너가 되기 위해 패션 회사 아르바이트와 잡화 디자이너 인턴을 하며 상업적인 디자인 역량을 키우고자 노력하고, 그 결과 세련된 디테일을 잘 쓰고, 모던한 감성을 갖추어 상업적인 디자인을 가장 잘하는 인턴으로 평가받았습니다. 좋은점 2  한 우물을 파다 보면 그 결과, 언젠가는 샘물이 나올 것이라고 확신합니다. 잡화디자이너가 되기 위해 쌓은 제 역량을 가지고 MCM에서 샘물을 찾아내고 싶습니다.                         
"
㈜성주그룹,2016년 상반기,신입,패션디자이너,본인의 성격 및 강점과 약점,"
[ 내 이름을 걸고 하자! ] 어떤 일을 하든지 내 이름을 걸고 한다는 생각으로 최선을 다합니다. 대학 시절, 학업 외에 다양한 경험을 하고자 미술학원 강사, 바리스타, 매장관리, 조형물 제작, 패션 회사 보조 등 다양한 아르바이트로 사회를 배워나갔습니다.  이때, 내 이름을 건 작업뿐만 아니라 사소한 아르바이트도 ‘이름을 걸고 하자! 내 이름에 먹칠하지 말자!’는 마음을 지니고 항상 최선을 다했습니다.  그 결과 어디서든 똑 부러진 학생으로 통했고, 책임감 또한 강해졌습니다. 저의 이런 최선을 다하는 성격으로 어떤 일이든 해낼 수 있으며, 예상치 못한 문제에 직면했을 때도 책임감 있게 해결할 수 있다고 생각합니다. [ 강점 : 세련된 디테일 감각 ] 저는 세련된 디테일을 디자인하는 능력을 갖추고 있습니다. 잡화디자이너가 되고자 마음먹은 후부터 패션 잡지는 저의 전공 서적이 되었습니다.  앞으로 유행할 디자인과 트랜드를 꼭 집어주고 수많은 컬렉션을 정리해 주는 잡지를 꾸준히 보며, 매번 새롭고 감각적인 디자인을 배우고 트랜드를 읽고자 하였습니다.  그 결과, 이랜드에서 잡화 디자이너 인턴을 하며 세련된 디테일에 강하고 모던한 개성을 가지고 있다는 평가를 받았으며 중간평가에서 높은 점수를 받았습니다. 좋은점 1  저의 이러한 강점은 세련되고 모던한 가방 디자인을 하는 데 큰 도움이 될 것이라고 확신합니다. [ 약점 : 욕심 많은 완벽주의 ] 모든 일을 완벽하게 해내고자 하는 욕심이 커서 맡은 바에 대해서 지나친 정성을 쏟습니다. 그 결과 풀리지 않는 것에 지나치게 욕심을 부리거나 집착하여 시간 관리를 못해, 일을 그르친 경험을 한 적이 있습니다.  그 후로는 이런 단점을 고치기 위해 내가 잘하는 것과 못하는 것을 명확히 나누고 어디에 중점을 둘지 목표 설정을 정확하게 하고자 합니다.  또한, 플래너를 항상 사용하며 계획을 철저하게 세워 시간 관리를 하고자 합니다.                         
"
㈜성주그룹,2016년 상반기,신입,패션디자이너,"대학 재학 기간 중 본인의 활동 경험 (사회봉사, 교내활동, 해외연수, 아르바이트 등에 대해 기술)","
[몸으로 부딪히고자 했던 경험들] 영국에서 어학연수를 하며 유럽의 패션을 느끼고, 다양한 경험을 하고자 하였습니다. 그리고 그곳에서 눈여겨본 아이템이 빈티지 악세사리였습니다.  2-3천 원 밖에 안 하는 저렴한 가격에 한국에서 찾아볼 수 없는 독특한 디자인에 빠져 한두 개씩 사 모은 빈티지 악세사리들을 모두 한국에 가지고 돌아왔고, 플리마켓에서 판매해 보기로 했습니다.  한국에서 볼 수 없는 디자인의 팔찌와 브로치들은 인기가 많아 큰 수익을 올렸고, 그 후로는 직접 쥬얼리를 만들어 참가했습니다.  자체 제작 쥬얼리를 가지고 참가한 첫 플리마켓에서는 작업시간 대비 효율적이지 못해 큰 이익을 거두지 못했습니다.  교훈을 얻고, 그다음 플리마켓은 더욱 철저하게 준비했습니다. 시장조사를 바탕으로 트랜디한 쥬얼리를 디자인하는 한편, 작업시간을 줄이기 위해 수작업을 한 쥬얼리와 바잉한 쥬얼리를 함께 판매하였으며, 디스플레이와 음악까지 신경 썼습니다.  그 결과 점점 더 높은 수익을 낼 수 있었습니다. 저는 소비자를 직접 경험하고 느낀 후 소비자가 필요로 하는 디자인을 할 때 좋은 성과를 낼 수 있다고 생각합니다. 좋은점 1  MCM의 디자이너가 된다면 직접 부딪히는데 두려워하지 않으며 적극적으로 문제를 해내는 디자이너가 될 수 있다고 생각합니다.                         
"
㈜성주그룹,2016년 상반기,신입,패션디자이너,향후 미래(5~10년 후)의 본인의 모습을 자유롭게 기술해 주세요,"
[ 따라가는 디자이너가 아닌 이끌어가는 디자이너 ] 20, 30대를 겨냥한 감각적인 디자인 라인을 구축하겠습니다. 전 세계적으로 최신 유행을 공유하고, 합리적인 소비를 추구하는 지금의 소비자를 만족시키기 위해서는 독창적인 디자인을 개발하고 좋은 질의 제품을 선보여야 한다고 생각합니다.  이를 위해서 첫 번째로 발로 뛰며 소비자를 직접 만나고 분석하여, 탄탄한 디자인의 밑거름을 만들겠습니다.  두 번째, MCM의 아이덴티티를 담는 동시에 소비자 조사, 트랜드 분석을 통한 감각적인 디자인을 담은 가방을 만들어, 20,30대 소비자를 만족시키고, MCM의 새로운 변화를 끌어내겠습니다.  이러한 적극적인 태도와 디자인 감각을 끊임없이 개발하여 MCM에 꼭 필요한 디자이너로 성장하여, 유행을 따라가는 디자이너가 아닌, 패션을 이끌어가는 디자이너로 일하겠습니다.좋은점 1  
"
데상트코리아(주),2015년 하반기,인턴,패션디자이너,남과 차별되는 나만의 강점 또는 경험을 3가지 소개해 주십시오.,"
첫째, 운동으로 몸과 마음을 바르게 합니다. 20살 이후부터 매일 1시간 이상 운동하며 건강함 뿐만 아니라 끈기와 열정, 자신감을 얻습니다.  하루도 쉬지 않고 운동을 하고자 한 마음가짐은 다른 일을 할 때에도 포기하지 않고 할 수 있게 하였습니다. 두 번째, 대학 시절 학업과 병행한 아르바이트 경험으로 단단한 사람이 되었습니다.  미술학원 강사, 서빙, 바리스타, 판매, 매장관리, 조형물 제작 등 다양한 일을 하며 부딪히는 문제점을 해결해 나갔으며, 그 결과 단단해 질 수 있었습니다. 셋째, 카우치 서핑에 도전한 유럽여행 경험입니다. 남들과 다른 유럽여행을 만들기 위해 외국인 집의 소파를 무료로 빌려 숙박을 해결하는 카우치서핑을 하였습니다.  늦은 밤 파리 길거리를 헤맬 때도 있었지만, 잊지못할 도전이었습니다.                         
"
데상트코리아(주),2015년 하반기,인턴,패션디자이너,삶을 통해 이루고 싶은 인생의 비전 또는 목표 3가지를 우선순위 순으로 적어 주십시오.,"
첫째, 죽을 때까지 배우는 것입니다. 배움에는 끝이 없다고 생각합니다. 현재에 안주하지 않기 위해 새로운 것에 도전하고, 작은 일에서도 배우는 자세를 가질 것 입니다. 둘째, 제 분야에서 최고가 되어 후배들에게 도움을 주는 것입니다. 학창시절 강연에서 들은 선배님들의 스토리는 항상 저에게 열정을 주었습니다. 저 또한 후배들에게 힘이 되고 싶습니다.  이를 위해 제 일에 최선을 다하며, 저만의 스토리가 있는 전문가가 되기 위해 노력할 것입니다. 셋째, 미래를 위해 순간을 사는 것입니다. 대학교 1학년 시절 전공에 대한 불확실성으로 목표 없이 지내며, 무의미한 시간을 보낸 것에 후회를 한 경험이 있습니다.  그 이후 목표의 중요성을 깨닫고 명확한 목표를 가지고 목표를 이루기 위해 지금 노력합니다.                         
"
데상트코리아(주),2015년 하반기,인턴,패션디자이너,데상트코리아 입사를 희망하는 이유는 무엇입니까.,"
데상트와 함께 많은 사람에게 스포츠하는 즐거움을 제공하고 싶습니다. 영국에서 어학연수를 하며 스포츠를 생활화하고 즐길 줄 아는 문화에 놀랐습니다. 동네마다 테니스장, 운동시설과 공원이 잘 조성되어 있고, 스포츠 의류와 용품도 한국보다 저렴하며 다양하였습니다.  한국도  점점 스포츠를 즐기는 인구가 늘어나고 있으며, 데상트는 여러 선수를 후원하고 세이브 더 펭귄과 러닝 사이클 대회로 대한민국에 스포츠의 즐거움을 알리고 있습니다.   스포츠 발전을 위해 다양한 일을 하고 있는 데상트의 `세상과 함께 숨 쉬는 따뜻한 감성`을 곳곳에서 느껴왔습니다.  저는 멋진 데상트에서 스포츠에 대한 사랑과 저의 디자인을 가지고  멋진 사람으로 일하고 싶어 지원하게 되었습니다.                         
"
데상트코리아(주),2015년 하반기,인턴,패션디자이너,"데상트코리아의 core value중, 본인의 경험을 통해 가장 공감하는 항목을 1가지 선택하고 그 이유 및 사례를 기술하십시오.","
Dreaming Coworker의 가치를 중요시합니다. 래미안에서 진행한 꿈 프로젝트에 참여하여 아이들이 자신의 꿈을 그린 타일로 조형물을 만들어 아파트 단지 내에 설치하였습니다.  행사준비, 아이들 그림지도, 조형물 디자인과 제작으로 진행되었으며, 다양한 단계를 거친 프로젝트인 만큼 여러 사람과 함께 의견을 나누고 작업한 결과 아이들의 꿈이 녹아있는 의미 있는 조형물 제작이 가능했습니다.  개인 작업과는 다른 협업의 가치와 구성원으로서 성취감을 깨닫게 되었으며, 동료들과 함께 벽화봉사, 과제전, 핸드메이드코리아, 플리마켓을 준비하며 그룹의 구성원으로 일하는 행복을 이어나갔습니다.                         
"
데상트코리아(주),2015년 하반기,인턴,패션디자이너,"해당직무에 지원한 이유와 본 직무를 수행하기 위한 구체적인 준비 및 노력과정을 설명하고, 직무를 통해 이루고 싶은 목표를 기술하십시오.","
운동하며 직접 느끼고 디자인하겠습니다. 문제 해결에서 시작하는 디자인을 중요시하는 저의 가치관은 스포츠용품을 디자인하는데 맞는다고 생각합니다.  저는 학교에서 배운 조형 디자인과 운동 경험으로 기능성과 심미성을 모두 갖춘 디자인하고 싶습니다. 또한, 일상과 스포츠를 연결하는 아이템 개발에도 도전할 것입니다. 잡화디자인을 배우기 위해 가죽 공방에서 가방의 구성과 제작방식에 대해 배웠습니다. 또한, 패션 아르바이트부터 시작하자는 마음에 여러 곳에 지원하였지만, 전공이 맞지 않아 매번 떨어졌습니다.  하지만 계속된 도전으로 빈폴아웃도어 마케팅팀에서 일할 기회를 얻어 어깨너머로 아웃도어와 골프 제품과 관련된 일을 할 수 있었습니다.  이 경험을 시작으로 포기하지 않고 스포츠용품 디자이너가 되기 위해 노력할 것 입니다.                         
"
데상트코리아(주),2015년 하반기,인턴,패션디자이너,"당신이 제출한 소위 “스펙”을 제외하고 데상트코리아가 당신을 채용하기 위해 알아야 할 것이 있다면 무엇이며, 그 이유를 기술하십시오.","
스포츠를 사랑하는 마음이 누구보다 큽니다. 오랜 기간 수영을 하면서 알게 된 제품이 방수 mp3입니다. 방수 mp3를 구매하여 수영했을 때의 행복을 잊지 못합니다.  저는 스포츠를 사랑하는 사람들의 마음을 알고 있으며 스포츠인들에게 필요한 용품을 디자인하기 위해 끊임없이 다양한 운동을 할 것입니다. 내 사람으로 만들 수 있는 능력을 갖추고 있습니다. 다양한 스포츠 활동과 대외활동으로 만난 사람들과의 인연을 소중히 여기고 관계를 유지합니다. 잠깐 했던 아르바이트에서도, 여행에서 만난 외국인 친구들과도 계속 연락을 유지하고 있습니다.  사람을 배려하고 솔직한 행동이 진솔한 관계를 만들 수 있다고 생각합니다.                         
"
㈜미래엔,2016년 상반기,신입,편집디자이너,성장과정 및 성격의 장단점,"
저는 사람들이 말하는 것의 의도를 정확히 파악할 줄 아는 능력을 가지고 있습니다. 이를 통해 ‘이 사람이 무엇을 필요로 하는구나’라는 등을 생각합니다. 이에 따른 반응으로 이들이 원하는 것을 해주려고 노력합니다. 다행스럽게도 이런 노력의 대부분은 정확하게 맞는 편입니다. 이런 성격은 특히 인턴 생활에서 선배의 의도를 잘 해석하는 것으로 자주 칭찬을 받았습니다. 이 덕분에 주변사람들과 선배님들에게 전체적으로 사회생활을 잘 할 것이라는 이야기를 많이 들었습니다. 이렇듯 남의 의도를 파악하는 데 강점을 가지고 있으니, 신문 등의 기사도 똑같이 관심을 가지고 읽게 됐습니다.  그런데 이렇게 무언가를 읽는 것을 취미로 하다 보니 점점 많은 것들을 읽게 됐고, 그 속도가 빨라져 남들보다 두 배 정도 빠른 속도로 책을 읽는 능력이 생겼습니다.‘속독’이라 불리는 것이 바로 제 능력입니다. 교과서와 교재를 편집하기 위해서는 기존의 교재 내용을 파악하는 것이 최우선이 되어야 할 것입니다. 이러한 면에서 볼 때, 저의 속독 능력, 의도를 파악하는 능력은 큰 장점으로 발휘될 것입니다.  하지만 고집이 강한 것은 단점입니다. 저와 의견이 다른 사람이 있다면, 이해는 하지만 최대한 제 쪽으로 설득하려 노력합니다. 설득의 과정이 강압적이지는 않지만, 끈질깁니다. 상대방이 강한 거부 의사를 표현하기 전까지는 어떻게든 설득하려고 합니다. 이런 고집이 타인의 불쾌함을 끌어오기도 했습니다. 하지만 여럿이 협업해야 하는 업무가 대부분입니다. 그러기에 제 의견을 과감히 포기하는 방법을 노력 중입니다.  단순한 포기가 아니라, 타인의 의견을 경청하며 더 나은 쪽을 선택하는 방향으로 극복하고 있습니다. 편집업무는 다른 업무보다도 자신의 의견을 고집해서는 좋은 방향으로 나가기 힘든 것을 알고 있습니다. 그러기에 조금 더 노력해 완벽하게 극복 하려 합니다.                         
"
㈜미래엔,2016년 상반기,신입,편집디자이너,"특기 (컴퓨터, 외국어활용능력, 자신의 자랑)","
저만의 강점은 두 가지가 있습니다. 첫째, 관련 전공이 있는 사람입니다. 교육학을 복수전공 했습니다. 늦깎이 복수전공이지만,‘미래를 만든다’는 일념으로 끝없이 노력했습니다. 교육학적 지식에 대해서는 그 기본을 충실히 갖췄다고 생각합니다.  또한, 주 전공이던 국문학에도 소홀하지 않았습니다. 오히려 제가 원하는 직무와의 연관성이 더 깊을 것이라 생각해 더욱 충실했습니다. 국어 교과서, 교재를 편집 개발하는 업무는 저에게 꼭 맞는 업무라 자부합니다. 둘째, 현장 경험이 있는 사람입니다. 좋은 기회로 출판사에서 인턴으로 임했습니다. 이곳에서 교정 업무를 기본으로 하며, 편집 회의에도 자주 참여했습니다. 인턴답지 않은 생각과 태도를 늘 칭찬받았습니다.  실무에 대한 지식은 물론, 열정까지도 가지고 있다 생각합니다. 처음에는 인턴들의 분위기가 다들 일을 배우겠다고 의욕적이었습니다. 자신의 업무가 아니어도, 서로가 하겠다고 자원하기도 했습니다. 무슨 일이 주어지든, 좋은 분위기에서 할 것이라 생각했습니다. 하지만 이런 분위기는 잠시였습니다. 우수 인턴들에게 서류 통과를 시켜주는 제도 또한 없어지면서 최악의 분위기가 형성됐습니다. 일을 제대로 하지 말자는 인턴들이 주류를 이뤘고, 일은 제대로 진행되지 않았습니다.  그러기에 직원들과 인턴들과의 대화도 없어지고, 사소한 신경전까지 일어나기도 했습니다. 이런 모습을 바꾸고 싶었습니다. 인턴들에게 인턴 생활의 의미를 부여하며, 하나하나 설득하기 시작했습니다. 급여나 추후 전형에서의 이익만 보고 인턴을 지원한 것이 아니지 않느냐고 했습니다. 사회생활 방법과, 직장 분위기 등을 배워가는 것에 의미를 두자 했습니다. 그렇게 인턴들에게 동기부여를 했고, 분위기를 추슬렀습니다. 처음에는 멍청한 행동을 그만 하라는 비판을 받기도 했지만, 진정이 담긴 언행으로 다가가자 인턴들은 마음의 문을 열었습니다. 그리고, 처음보다 더 활기찬 분위기로 일을 수행하게 됐습니다. 그렇게 되자 직원들과의 괴리감도 없어지고 즐거운 인턴 생활을 마무리할 수 있었습니다. 아울러 이 경험으로 업무 내적인 것보다도, 조직의 분위기를 추스를 수 있다는 자신감을 얻게 됐습니다. 따라서 저의 이러한 강점을 살려 국어 교재와 교과서의 발전에 기여하는 인재가 되고 싶습니다.                         
"
㈜미래엔,2016년 상반기,신입,편집디자이너,"사회활동 경험 (학교, 사회단체, 경력자는 경력사항 위주로 작성)","
제 최대 장점은 친화력이었습니다. 강력한 리더는 아니었으나, 항상 사람들을 주변으로 끌어 모았고 그들을 배려하며 화목한 분위기를 유지하면서 팀워크를 통해 일을 진행하였습니다. 대학교 시절, 누구나 제 얼굴을 잊지 않았습니다. 누구나 대학 생활을 겪으면서, 동아리 활동이나 학생회 활동을 하지 않더라도, 수백 명의 사람을 알고, 인사하게 됩니다. 하지만 ‘누구지?’, ‘기억이 안 나는데?’라고 잊히기 마련입니다. 저는 잊히기 싫었습니다.  그러기에 제 특유의 능력으로 사람들의 이름과 얼굴을 쉽게 익혔습니다. 그리고 캠퍼스를 지나는 길에 이들을 보면 먼저 웃으며 인사했습니다. 다들 저를 보며 처음엔 어색하게 생각했습니다. 하지만 다시금 강의실이나 캠퍼스에서 저를 보며, 제 존재를 확인하게 됐습니다. 그리고 자신의 얼굴을 기억해주고, 자신을 향해 웃으며 인사를 했던 제게 긍정적인 인식을 가지곤 했습니다. 이런 과정으로 제 인맥은 참으로 두텁다고 자부합니다. 또한, 타인들에게 잘 웃고, 또한 친절한 사람으로 인식이 됐습니다. 하지만 이런 능력이 선천적으로 있던 것은 아닙니다. 고등학교 시절에는 오히려 친구가 많이 없었습니다. 소수의 사람만 알고 지낸다는 것 자체가 힘들었고, 이를 극복하고 싶었습니다. 그래서 선택한 방법이 이 방법이었습니다. 부족한 암기력을 가지고 친구들과 선생님의 이름과 얼굴을 익히려 노력해왔습니다. 밤을 지샌 끝에, 앞서 말한 것처럼 결과는 좋았습니다. 또한 학창시절 누차 제 발목을 잡던 암기력조차도 극복할 수 있게 됐습니다. 단순한 편집전문가가 되고 싶지 않습니다. 뜨거운 열정과 건실한 노력을 가진 최고의 편집개발가로 불리고 싶습니다. 학창시절 내성적이고 부끄럼이 많던 저는 대학시절 교회 위원활동을 통하여 남 앞에 서기를 두려워하지 않는 적극성을 갖추고 맡은 일에 대한 끊임없는 열정과 추진력을 갖고 있는 사람으로 변하였습니다. 저의 이러한 조직생활에서의 강점을 살려 미래엔 사내의 커뮤니케이션에서도 활력을 불어 넣기 위해 노력하겠습니다.                         
"
㈜미래엔,2016년 상반기,신입,편집디자이너,지원동기 및 장래비전,"
대학에 진학해서야 미래에 대한 구체적인 생각을 하게 되었습니다. 하지만 고등학생 때에 억눌렸던 것을 대학교에 와서 대학생이라는 것 하나 만에 취해 이 생활을 즐기기만 했습니다. 당장 먹고 마실 것과 즐길 거리만 있다면 거기서 행복을 찾았습니다. 그렇게 단순한 삶을 살다 보니, 자연스레 후회하게 됐습니다. 과연 미래에 대해 얼마나 생각하고, 준비하고 있느냐고 자신을 돌아봤습니다. 아무것도 없었습니다. 미래를 향해 나아가는 주위에 비해 너무 부끄러웠습니다. 제가 만약 중학교 때부터 저의 미래를 구체적으로 설정해 놓고 그 목표를 향해 달려 나갈 수 있었다면 얼마나 좋았을까 하는 생각이 들었습니다. 제가 교육학에 관심이 생긴 이유가 여기에 있습니다. 학생들에게 미래를 선물해 주고 싶다는 꿈을 가지게 된 것입니다.  일단 저는 꿈이 없었던 저의 모습부터 고치고 싶었습니다. 미래를 위해 다양한 일을 경험했습니다. 그리고 다양한 사람을 만나봤습니다. 그러면서 옛날의 저보다도, 미래가 없는 사람들을 알게 됐습니다. 이들에게 미래를 만들어주고 싶었습니다. 그래서 선택한 것이 교육에 관한 일이었습니다. 그렇다고 사범대 과정을 통해 교육자가 되는 것이나 학원의 강사는 내키지 않았습니다. 수십 명의 학생의 미래를 가꾸는 데 그친다고 생각했기 때문입니다. 간접적이라도 수십만, 수백만 학생들의 미래를 가꾸는 일을 하고 싶었습니다.  그래서 생각한 것이 올바른 교과서와 교재를 개발하는 일이었습니다. 다양한 교과서 출판 회사 중, 미래엔 이야말로 미래를 만드는 곳이라 생각했습니다. 창립과 함께 우리말 교과서를 만들기 시작하여 대한민국 교육출판의 역사와 맥을 이어온 미래엔에서 교과서를 개발하면, 수백만 학생들에게 도움이 되는 모든 업무를 할 수 있을 것이라 생각했기 때문입니다. 미래엔에서 이제 백 년의 미래를 넘어, 천 년의 미래를 만드는 사람이 되는 것이 저만의 비전입니다.                         
"
(주)LG생활건강,2013년 상반기,신입,제품디자이너,"자신의 성장과정 중 생각의 전환을 가져온 사건과 그 사건으로 본인은 어떤 영향을 받았는지 구체적으로 기술하여 주시기 바랍니다. [1,000byte이내]","
<남다른 시선으로 얻은 자신감>동아리 `OOO`에서의 2년간의 활동은 저를 한 단계 성장시킬 수 있는 기회였습니다. 가입 시절 동아리 방은 공대생들의 휴식공간이자 짐을 보관하는 용도였습니다. 들어간 지 얼마 안 된 신입이었지만 동아리를 홍보하는 방안을 곰곰이 생각해보았습니다. 신입생들이 동아리 방 외부를 둘러보고 관심을 두게 된다는 점을 생각하여 동아리 문과 벽면을 디자인하자는 제안을 하였습니다. 동아리 방을 청소하고 선배의 도움을 받아 벽면의 도안을 디자인했습니다. 여러 동아리 중 눈에 띄기 위하여 펄이 들어있는 페인트를 이용하여 문을 디자인하였습니다. 큰 거울의 프레임도 리폼 하였습니다. 총 3일에 걸쳐 완성하였습니다.  사진을 찍고 학교 홈페이지에 등록하자 가입 신청자가 많아졌고 자연스레 벽화봉사활동에 참가할 기회도 얻게 되어 총 7개의 벽화를 했습니다. OOO벽화 공모전에서는 최우수상을 받는 영광을 얻었고 교내 신문에 실리기도 하였습니다. 적극성과 실행력, 놓치고 있던 부분에 대한 차별화가 좋은 결과를 이끌었고 이후로 디자인을 진행할 때도 남과 다른 차별성을 가지기 위해 애쓰는 계기가 되었습니다. 남다른 시선을 가지고 더페이스샵의 화장품 용기를 디자인하고 싶습니다.                         
"
(주)LG생활건강,2013년 상반기,신입,제품디자이너,"훌륭한 디자이너가 되기 위해 지금까지 준비해 온 것과 본인이 소유한 디자인 관련 능력은 무엇입니까? [1,000byte이내]","
첫째, 효율적인 생산을 위한 재료와 형태를 선택하고 구상하는 능력을 갖추었습니다. 산학활동으로 친환경 원목 교구전문 회사인 ‘OO’ 와 2개월간 사무용품을 디자인하는 프로젝트를 진행하였습니다.  같은 원목일지라도 어떤 나무인지에 따라 공정방법이 달라지고 어떤 형태에 어떤 나무를 적용하는 것이 알맞은지에 대해 알게 되었습니다. 최종 시안은 소비자들의 투표를 거쳐 결정되었는데 비록 채택 받지는 못했지만, 예비 디자이너로서 소중한 자산이 되었습니다. 둘째, ‘OO‘ 라는 IT 동아리를 통하여 기획자, 개발자와의 소통방법을 터득하였습니다. 웹 사이트를 기획하면서 기획자 개발자와 함께 도출한 아이디어를 바탕으로 그들이 요구하는 최적의 디자인을 해야 했습니다.  지속적인 회의를 통하여 합의점을 낼 수 있었고 개발자가 불가능하다고 생각하는 점은 밤낮을 가리지 않고 같이 고민하였습니다. 이를 통해 팀워크와 소통의 중요성을 깨달을 수 있었고 최종 발표에서도 11개 팀 중 2등을 수상하였습니다. 이 외에도 **** 디자인 창의 도시 서포터즈, 2년의 미술강사활동, **** 아르바이트를 통하여 소비자의 니즈를 읽는 능력과 상황에 따른 발 빠른 대처능력을 키웠습니다.                         
"
(주)LG생활건강,2013년 상반기,신입,제품디자이너,내가 LG생활건강의 디자이너가 되어야만 하는 이유를 서술해주시기 바랍니다. [1000Byte 이내],"
<저의 멘토는 LG생활건강입니다>대학교입학 때부터 매년 졸업발표회를 통해 LG생활건강 심사위원분의 칭찬과 격려의 말씀을 들어왔습니다. 생활용품 디자인을 꿈으로 잡았을 무렵 저의 목표기업은 자연스럽게 LG생활건강이 되었습니다. 고객과 긴밀한 공감대를 형성하고, 시장을 선도하는 헬스, 뷰티 업계의 선두기업이기 때문입니다. 드로잉과 기초조형 수업을 바탕으로 실무 중심의 매니지먼트 수업을 들었습니다. 아름다운 형태뿐만 아니라 고객의 니즈를 파악하는 능력이 가장 중요함을 배웠습니다. 40시간의 어린이 집 봉사활동을 통해서 상대방을 먼저 생각하는 태도를 배울 수 있었습니다. 이는 더페이스샵의 다양한 연령대 고객의 상황을 고려하고 그에 맞춰 용기를 디자인하는데 밑거름이 되어줄 것입니다. 중저가 화장품의 매출이 고가화장품보다 높아져 가는 현 상황에서는 가격을 낮추고 소비자들의 시선을 끄는 단순하지만, 특징 있는 디자인이 필요하다고 생각합니다. 사소한 차이가 가치를 만들어낸다고 생각합니다. 주류를 위한 디자인을 하겠습니다. 핵심을 파악하는 집요함과 문제에 따른 과제설정 능력으로 더페이스샵의 매출향상에 이바지하겠습니다.                         
"
(주)LG생활건강,2013년 상반기,신입,제품디자이너,제품/그래픽/인테리어 관련 수상경력 혹은 인턴십 경력 들을 나열해주시기 바랍니다. [1000Byte 이내],"
OOO 벽화 공모전에서 최우수상을 받았습니다. 벽화도안 디자인에 참여하였고 동아리 회원들과 일주일간 매일같이 고생하며 완성하였습니다. 수상명단 최대 4명의 한계로 수상의 자리는 양보하였습니다.  OO 동아리 동기의 졸업작품인 안드로이드 일기장 앱의 그래픽 디자인을 하였습니다. 이를 위해 UX에 관한 책 5권을 읽었고, 이 과정을 통해 사용자 경험에 대한 지식을 갖추었습니다. IT 능력MS Office [Power Point, Excel, Word] - 능숙한 문서작성이 가능합니다.Rhino - 3D 결과물을 효과적으로 도출합니다. 1년간 3D 수업을 완강하였습니다.Photoshop, Illustrator - 교육기관에서 3개월 동안 수강하여 효과적인 2D 결과물을 도출합니다.                         
"
